"from","to"
"acrR","acrA"
"acrR","acrB"
"ada","aidB"
"ada","alkA"
"ada","alkB"
"adiY","adiA"
"adiY","gadA"
"adiY","gadB"
"adiY","gadC"
"adiY","gadX"
"adiY","gltB"
"adiY","gltD"
"adiY","gltF"
"agaR","agaA"
"agaR","agaB"
"agaR","agaC"
"agaR","agaD"
"agaR","agaI"
"agaR","agaS"
"agaR","agaV"
"agaR","agaW"
"agaR","kbaY"
"agaR","kbaZ"
"allR","allA"
"allR","allB"
"allR","allS"
"allR","gcl"
"allR","glxK"
"allR","glxR"
"allR","hyi"
"allR","ybbY"
"allS","allC"
"allS","allD"
"allS","allE"
"appY","appA"
"appY","appB"
"appY","appC"
"appY","hyaA"
"appY","hyaB"
"appY","hyaC"
"appY","hyaD"
"appY","hyaE"
"appY","hyaF"
"araC","araA"
"araC","araB"
"araC","araD"
"araC","araE"
"araC","araF"
"araC","araG"
"araC","araJ"
"araC","xylA"
"araC","xylB"
"arcA","aceA"
"arcA","aceB"
"arcA","aceE"
"arcA","aceF"
"arcA","aceK"
"arcA","acnA"
"arcA","acnB"
"arcA","aldA"
"arcA","appA"
"arcA","appB"
"arcA","appC"
"arcA","betA"
"arcA","betB"
"arcA","betI"
"arcA","betT"
"arcA","cadA"
"arcA","cadB"
"arcA","caiA"
"arcA","caiB"
"arcA","caiC"
"arcA","caiD"
"arcA","caiE"
"arcA","caiT"
"arcA","citC"
"arcA","citD"
"arcA","citE"
"arcA","citF"
"arcA","citG"
"arcA","citX"
"arcA","cydA"
"arcA","cydB"
"arcA","cydC"
"arcA","cydD"
"arcA","cyoA"
"arcA","cyoB"
"arcA","cyoC"
"arcA","cyoD"
"arcA","cyoE"
"arcA","dctA"
"arcA","dcuC"
"arcA","dpiA"
"arcA","dpiB"
"arcA","fadA"
"arcA","fadB"
"arcA","fadD"
"arcA","fadE"
"arcA","fadH"
"arcA","fadI"
"arcA","fadJ"
"arcA","fadL"
"arcA","focA"
"arcA","fumA"
"arcA","fumB"
"arcA","fumC"
"arcA","gadA"
"arcA","gadX"
"arcA","gatA"
"arcA","gatB"
"arcA","gatC"
"arcA","gatD"
"arcA","gatY"
"arcA","gatZ"
"arcA","glcA"
"arcA","glcB"
"arcA","glcD"
"arcA","glcF"
"arcA","glcG"
"arcA","glpA"
"arcA","glpB"
"arcA","glpC"
"arcA","glpD"
"arcA","gltA"
"arcA","grcA"
"arcA","hemA"
"arcA","hyaA"
"arcA","hyaB"
"arcA","hyaC"
"arcA","hyaD"
"arcA","hyaE"
"arcA","hyaF"
"arcA","hybA"
"arcA","hybB"
"arcA","hybC"
"arcA","hybD"
"arcA","hybE"
"arcA","hybF"
"arcA","hybG"
"arcA","hybO"
"arcA","icd"
"arcA","iraM"
"arcA","lldD"
"arcA","lldP"
"arcA","lldR"
"arcA","lpd"
"arcA","mdh"
"arcA","moeA"
"arcA","moeB"
"arcA","ndh"
"arcA","nuoA"
"arcA","nuoB"
"arcA","nuoC"
"arcA","nuoE"
"arcA","nuoF"
"arcA","nuoG"
"arcA","nuoH"
"arcA","nuoI"
"arcA","nuoJ"
"arcA","nuoK"
"arcA","nuoL"
"arcA","nuoM"
"arcA","nuoN"
"arcA","oppA"
"arcA","oppB"
"arcA","oppC"
"arcA","oppD"
"arcA","oppF"
"arcA","pflB"
"arcA","prfA"
"arcA","prmC"
"arcA","ptsG"
"arcA","puuA"
"arcA","puuD"
"arcA","puuR"
"arcA","rhaT"
"arcA","rplB"
"arcA","rplC"
"arcA","rplD"
"arcA","rplP"
"arcA","rplV"
"arcA","rplW"
"arcA","rpmC"
"arcA","rpoS"
"arcA","rpsC"
"arcA","rpsJ"
"arcA","rpsQ"
"arcA","rpsS"
"arcA","rutA"
"arcA","rutB"
"arcA","rutC"
"arcA","rutD"
"arcA","rutE"
"arcA","rutF"
"arcA","rutG"
"arcA","sdhA"
"arcA","sdhB"
"arcA","sdhC"
"arcA","sdhD"
"arcA","sodA"
"arcA","ssb"
"arcA","sucA"
"arcA","sucB"
"arcA","sucC"
"arcA","sucD"
"arcA","tpx"
"arcA","treB"
"arcA","treC"
"arcA","ubiA"
"arcA","ubiC"
"arcA","uvrA"
"arcA","xylR"
"arcA","ybdN"
"arcA","ydeA"
"argP","argO"
"argP","dapB"
"argP","dapD"
"argP","dnaA"
"argP","dnaN"
"argP","gdhA"
"argP","lysA"
"argP","lysC"
"argP","lysP"
"argP","nrdA"
"argP","nrdB"
"argP","recF"
"argP","yfaE"
"argR","argA"
"argR","argB"
"argR","argC"
"argR","argD"
"argR","argE"
"argR","argF"
"argR","argG"
"argR","argH"
"argR","argI"
"argR","artI"
"argR","artJ"
"argR","artM"
"argR","artP"
"argR","artQ"
"argR","astA"
"argR","astB"
"argR","astC"
"argR","astD"
"argR","astE"
"argR","carA"
"argR","carB"
"argR","gltB"
"argR","gltD"
"argR","gltF"
"argR","hisJ"
"argR","hisM"
"argR","hisP"
"argR","hisQ"
"argR","infB"
"argR","nusA"
"argR","pnp"
"argR","rbfA"
"argR","rimP"
"argR","rpsO"
"argR","truB"
"arsR","arsB"
"arsR","arsC"
"ascG","ascB"
"ascG","ascF"
"ascG","htpG"
"ascG","prpR"
"ascG","ybiT"
"asnC","asnA"
"asnC","mioC"
"asnC","mnmG"
"atoC","atoA"
"atoC","atoB"
"atoC","atoD"
"atoC","atoE"
"baeR","acrD"
"baeR","baeS"
"baeR","mdtA"
"baeR","mdtB"
"baeR","mdtC"
"baeR","mdtD"
"baeR","spy"
"basR","csgD"
"basR","csgE"
"basR","csgF"
"basR","csgG"
"basR","cspI"
"basR","dgkA"
"basR","fimB"
"basR","hha"
"basR","putA"
"basR","tomB"
"basR","yrbL"
"betI","betA"
"betI","betB"
"betI","betT"
"bglJ","bglB"
"bglJ","bglF"
"bglJ","bglG"
"bglJ","leuO"
"birA","bioA"
"birA","bioB"
"birA","bioC"
"birA","bioD"
"birA","bioF"
"bluR","ariR"
"bluR","ycgZ"
"bluR","ymgA"
"bluR","ymgC"
"bolA","ampC"
"bolA","dacC"
"cadC","cadA"
"cadC","cadB"
"caiF","caiA"
"caiF","caiB"
"caiF","caiC"
"caiF","caiD"
"caiF","caiE"
"caiF","caiT"
"caiF","fixA"
"caiF","fixB"
"caiF","fixC"
"caiF","fixX"
"cbl","ssuA"
"cbl","ssuB"
"cbl","ssuC"
"cbl","ssuD"
"cbl","ssuE"
"cbl","tauA"
"cbl","tauB"
"cbl","tauC"
"cbl","tauD"
"cdaR","garD"
"cdaR","garK"
"cdaR","garL"
"cdaR","garP"
"cdaR","garR"
"cdaR","gudD"
"cdaR","gudP"
"cdaR","gudX"
"cdaR","rnpB"
"chbR","chbA"
"chbR","chbB"
"chbR","chbC"
"chbR","chbF"
"chbR","chbG"
"cpxR","acrD"
"cpxR","aroG"
"cpxR","bacA"
"cpxR","baeR"
"cpxR","baeS"
"cpxR","bamE"
"cpxR","cheA"
"cpxR","cheW"
"cpxR","cpxA"
"cpxR","csgA"
"cpxR","csgB"
"cpxR","csgC"
"cpxR","csgD"
"cpxR","csgE"
"cpxR","csgF"
"cpxR","csgG"
"cpxR","degP"
"cpxR","dsbA"
"cpxR","dsbC"
"cpxR","fabZ"
"cpxR","ftnB"
"cpxR","hha"
"cpxR","lpxA"
"cpxR","lpxD"
"cpxR","mdtA"
"cpxR","mdtB"
"cpxR","mdtC"
"cpxR","mdtD"
"cpxR","motA"
"cpxR","motB"
"cpxR","mzrA"
"cpxR","ompC"
"cpxR","ompF"
"cpxR","ppiA"
"cpxR","ppiD"
"cpxR","psd"
"cpxR","rpoE"
"cpxR","rpoH"
"cpxR","rseA"
"cpxR","rseB"
"cpxR","rseC"
"cpxR","spy"
"cpxR","tomB"
"cpxR","tsr"
"cpxR","ung"
"cpxR","ybdG"
"cpxR","yccA"
"cpxR","yebE"
"cpxR","yidQ"
"cpxR","yqjA"
"cra","aceA"
"cra","aceB"
"cra","aceE"
"cra","aceF"
"cra","aceK"
"cra","acnA"
"cra","acnB"
"cra","adhE"
"cra","aroP"
"cra","betA"
"cra","betB"
"cra","betI"
"cra","betT"
"cra","crr"
"cra","csgD"
"cra","csgE"
"cra","csgF"
"cra","csgG"
"cra","cydA"
"cra","cydB"
"cra","cyoA"
"cra","cyoB"
"cra","cyoC"
"cra","cyoD"
"cra","cyoE"
"cra","cysG"
"cra","eda"
"cra","edd"
"cra","eno"
"cra","envC"
"cra","epd"
"cra","fbaA"
"cra","fbaB"
"cra","fruB"
"cra","fruK"
"cra","glcC"
"cra","glk"
"cra","gpmM"
"cra","hypF"
"cra","icd"
"cra","lpd"
"cra","manX"
"cra","manY"
"cra","manZ"
"cra","marA"
"cra","marB"
"cra","marR"
"cra","mpl"
"cra","mtlA"
"cra","mtlD"
"cra","mtlR"
"cra","nirB"
"cra","nirC"
"cra","nirD"
"cra","pck"
"cra","pdhR"
"cra","pfkA"
"cra","pgk"
"cra","poxB"
"cra","ppc"
"cra","ppsA"
"cra","prpB"
"cra","prpC"
"cra","prpD"
"cra","prpE"
"cra","ptsH"
"cra","ptsI"
"cra","pykF"
"cra","setA"
"cra","tpiA"
"cra","yeaD"
"cra","yibQ"
"cra","zwf"
"creB","alaT"
"creB","creD"
"creB","malE"
"creB","malF"
"creB","malG"
"crp","aaeA"
"crp","aaeB"
"crp","aaeR"
"crp","aaeX"
"crp","aceA"
"crp","aceB"
"crp","aceE"
"crp","aceF"
"crp","aceK"
"crp","acnA"
"crp","acnB"
"crp","acs"
"crp","actP"
"crp","aer"
"crp","agaA"
"crp","agaV"
"crp","agaW"
"crp","agp"
"crp","aldA"
"crp","aldB"
"crp","ampD"
"crp","ampE"
"crp","ansB"
"crp","araA"
"crp","araB"
"crp","araC"
"crp","araD"
"crp","araE"
"crp","araF"
"crp","araG"
"crp","araJ"
"crp","arfB"
"crp","argG"
"crp","aroA"
"crp","ascB"
"crp","ascF"
"crp","aspA"
"crp","bglB"
"crp","bglF"
"crp","bglG"
"crp","bhsA"
"crp","caiA"
"crp","caiB"
"crp","caiC"
"crp","caiD"
"crp","caiE"
"crp","caiF"
"crp","caiT"
"crp","cdd"
"crp","chbA"
"crp","chbB"
"crp","chbC"
"crp","chbF"
"crp","chbG"
"crp","chbR"
"crp","cirA"
"crp","citC"
"crp","citD"
"crp","citE"
"crp","citF"
"crp","citG"
"crp","citX"
"crp","cpdB"
"crp","crr"
"crp","csgD"
"crp","csgE"
"crp","csgF"
"crp","csgG"
"crp","csiE"
"crp","cspE"
"crp","cstA"
"crp","cyaA"
"crp","cyoA"
"crp","cyoB"
"crp","cyoC"
"crp","cyoD"
"crp","cyoE"
"crp","cysG"
"crp","cytR"
"crp","dadA"
"crp","dadX"
"crp","dctA"
"crp","dcuA"
"crp","dcuB"
"crp","dcuR"
"crp","deoA"
"crp","deoB"
"crp","deoC"
"crp","deoD"
"crp","dksA"
"crp","dpiA"
"crp","dpiB"
"crp","dsdA"
"crp","dsdX"
"crp","dusB"
"crp","ebgA"
"crp","ebgC"
"crp","entA"
"crp","entB"
"crp","entC"
"crp","entD"
"crp","entE"
"crp","entH"
"crp","envZ"
"crp","epd"
"crp","exuT"
"crp","fadD"
"crp","fadH"
"crp","fadL"
"crp","fbaA"
"crp","feaR"
"crp","fecA"
"crp","fecB"
"crp","fecC"
"crp","fecD"
"crp","fecE"
"crp","fepA"
"crp","fis"
"crp","fiu"
"crp","fixA"
"crp","fixB"
"crp","fixC"
"crp","fixX"
"crp","flhC"
"crp","flhD"
"crp","focA"
"crp","focB"
"crp","fucA"
"crp","fucI"
"crp","fucK"
"crp","fucO"
"crp","fucP"
"crp","fucR"
"crp","fucU"
"crp","fumA"
"crp","fumB"
"crp","fumC"
"crp","fur"
"crp","gabD"
"crp","gabP"
"crp","gabT"
"crp","gadA"
"crp","gadB"
"crp","gadC"
"crp","gadE"
"crp","gadX"
"crp","galE"
"crp","galK"
"crp","galM"
"crp","galP"
"crp","galS"
"crp","galT"
"crp","gatA"
"crp","gatB"
"crp","gatC"
"crp","gatD"
"crp","gatY"
"crp","gatZ"
"crp","gcd"
"crp","gcvH"
"crp","gcvP"
"crp","gcvT"
"crp","gdhA"
"crp","glcC"
"crp","glgA"
"crp","glgC"
"crp","glgP"
"crp","glgS"
"crp","glnA"
"crp","glnG"
"crp","glnL"
"crp","glpA"
"crp","glpB"
"crp","glpC"
"crp","glpD"
"crp","glpE"
"crp","glpF"
"crp","glpG"
"crp","glpK"
"crp","glpQ"
"crp","glpR"
"crp","glpT"
"crp","glpX"
"crp","gltA"
"crp","gltB"
"crp","gltD"
"crp","gltF"
"crp","gntK"
"crp","gntP"
"crp","gntT"
"crp","grcA"
"crp","grpE"
"crp","guaA"
"crp","guaB"
"crp","gutM"
"crp","gutQ"
"crp","gyrA"
"crp","hflC"
"crp","hflK"
"crp","hflX"
"crp","hfq"
"crp","hlyE"
"crp","hofB"
"crp","hofC"
"crp","hofM"
"crp","hofN"
"crp","hofO"
"crp","hofP"
"crp","hpt"
"crp","hupA"
"crp","hupB"
"crp","hyfA"
"crp","hyfB"
"crp","hyfC"
"crp","hyfD"
"crp","hyfE"
"crp","hyfF"
"crp","hyfG"
"crp","hyfH"
"crp","hyfI"
"crp","hyfJ"
"crp","hyfR"
"crp","idnD"
"crp","idnK"
"crp","idnO"
"crp","idnR"
"crp","idnT"
"crp","ilvB"
"crp","ilvN"
"crp","infB"
"crp","ivbL"
"crp","kbaZ"
"crp","lacA"
"crp","lacI"
"crp","lacZ"
"crp","lamB"
"crp","lpd"
"crp","lsrA"
"crp","lsrB"
"crp","lsrC"
"crp","lsrD"
"crp","lsrF"
"crp","lsrG"
"crp","lsrK"
"crp","lsrR"
"crp","lyxK"
"crp","malE"
"crp","malF"
"crp","malG"
"crp","malI"
"crp","malK"
"crp","malM"
"crp","malS"
"crp","malT"
"crp","malX"
"crp","malY"
"crp","manA"
"crp","manX"
"crp","manY"
"crp","manZ"
"crp","marA"
"crp","marB"
"crp","marR"
"crp","mazE"
"crp","mazF"
"crp","mdh"
"crp","mdtE"
"crp","mdtF"
"crp","melA"
"crp","melB"
"crp","melR"
"crp","metK"
"crp","mglA"
"crp","mglB"
"crp","mglC"
"crp","mhpA"
"crp","mhpB"
"crp","mhpC"
"crp","mhpD"
"crp","mhpE"
"crp","mhpF"
"crp","mhpR"
"crp","mlc"
"crp","modA"
"crp","modB"
"crp","modC"
"crp","mpl"
"crp","mtlA"
"crp","mtlD"
"crp","mtlR"
"crp","murP"
"crp","murQ"
"crp","nadC"
"crp","nagA"
"crp","nagB"
"crp","nagC"
"crp","nagE"
"crp","nanA"
"crp","nanC"
"crp","nanE"
"crp","nanK"
"crp","nanM"
"crp","nanT"
"crp","narQ"
"crp","nfuA"
"crp","nirB"
"crp","nirC"
"crp","nirD"
"crp","nlpE"
"crp","nmpC"
"crp","nrdA"
"crp","nrdB"
"crp","nupC"
"crp","nupG"
"crp","nusA"
"crp","ompA"
"crp","ompF"
"crp","ompR"
"crp","osmY"
"crp","oxyR"
"crp","paaA"
"crp","paaB"
"crp","paaC"
"crp","paaD"
"crp","paaE"
"crp","paaF"
"crp","paaG"
"crp","paaH"
"crp","paaI"
"crp","paaJ"
"crp","paaK"
"crp","paaZ"
"crp","pdhR"
"crp","pflB"
"crp","pgk"
"crp","pncB"
"crp","pnp"
"crp","ppdD"
"crp","ppiA"
"crp","preA"
"crp","preT"
"crp","proP"
"crp","prpB"
"crp","prpC"
"crp","prpD"
"crp","prpE"
"crp","prpR"
"crp","psiE"
"crp","ptsG"
"crp","ptsH"
"crp","ptsI"
"crp","putP"
"crp","rbfA"
"crp","rbsA"
"crp","rbsB"
"crp","rbsC"
"crp","rbsD"
"crp","rbsK"
"crp","rbsR"
"crp","relA"
"crp","rhaA"
"crp","rhaB"
"crp","rhaD"
"crp","rhaR"
"crp","rhaS"
"crp","rhaT"
"crp","rimP"
"crp","rof"
"crp","rpoH"
"crp","rpoS"
"crp","rpsO"
"crp","sbmC"
"crp","sdhA"
"crp","sdhB"
"crp","sdhC"
"crp","sdhD"
"crp","serA"
"crp","serC"
"crp","sfsA"
"crp","sgbE"
"crp","sgbH"
"crp","sgbU"
"crp","sodA"
"crp","sodB"
"crp","sohB"
"crp","speC"
"crp","spf"
"crp","srlA"
"crp","srlB"
"crp","srlD"
"crp","srlE"
"crp","srlR"
"crp","sucA"
"crp","sucB"
"crp","sucC"
"crp","sucD"
"crp","tam"
"crp","tdcA"
"crp","tdcB"
"crp","tdcC"
"crp","tdcD"
"crp","tdcE"
"crp","tdcF"
"crp","tnaA"
"crp","tnaB"
"crp","tnaC"
"crp","treB"
"crp","treC"
"crp","trg"
"crp","truB"
"crp","trxA"
"crp","tsx"
"crp","ubiG"
"crp","udp"
"crp","ugpA"
"crp","ugpB"
"crp","ugpC"
"crp","ugpE"
"crp","ugpQ"
"crp","uhpT"
"crp","uidA"
"crp","uidB"
"crp","uidC"
"crp","ulaA"
"crp","ulaB"
"crp","ulaC"
"crp","ulaD"
"crp","ulaE"
"crp","ulaF"
"crp","uxaA"
"crp","uxaB"
"crp","uxaC"
"crp","uxuA"
"crp","uxuB"
"crp","uxuR"
"crp","xseA"
"crp","xylA"
"crp","xylB"
"crp","xylF"
"crp","xylG"
"crp","xylH"
"crp","xylR"
"crp","yaeQ"
"crp","ybiT"
"crp","ychH"
"crp","yeiP"
"crp","yfaE"
"crp","yhfA"
"crp","yiaK"
"crp","yiaL"
"crp","yiaM"
"crp","yiaN"
"crp","yiaO"
"crp","yjcH"
"crp","zraR"
"crp","zraS"
"csgD","csgA"
"csgD","csgB"
"csgD","csgC"
"csgD","csgE"
"csgD","csgF"
"csgD","csgG"
"csgD","fliE"
"csgD","fliF"
"csgD","fliG"
"csgD","fliH"
"csgD","fliI"
"csgD","fliJ"
"csgD","fliK"
"csgD","iraP"
"csgD","nlpA"
"csgD","pepD"
"csgD","wrbA"
"csgD","yccJ"
"csgD","yhbS"
"cspA","gyrA"
"cspA","hns"
"cueR","copA"
"cueR","cueO"
"cueR","moaA"
"cueR","moaB"
"cueR","moaC"
"cueR","moaD"
"cueR","moaE"
"cusR","cusA"
"cusR","cusB"
"cusR","cusC"
"cusR","cusF"
"cusR","cusS"
"cynR","cynS"
"cynR","cynT"
"cynR","cynX"
"cysB","cbl"
"cysB","cysA"
"cysB","cysC"
"cysB","cysD"
"cysB","cysH"
"cysB","cysI"
"cysB","cysJ"
"cysB","cysK"
"cysB","cysM"
"cysB","cysN"
"cysB","cysP"
"cysB","cysU"
"cysB","cysW"
"cysB","hslJ"
"cysB","ssuA"
"cysB","ssuB"
"cysB","ssuC"
"cysB","ssuD"
"cysB","ssuE"
"cysB","tauA"
"cysB","tauB"
"cysB","tauC"
"cysB","tauD"
"cytR","cdd"
"cytR","deoA"
"cytR","deoB"
"cytR","deoC"
"cytR","deoD"
"cytR","nupC"
"cytR","nupG"
"cytR","ppiA"
"cytR","rpoH"
"cytR","tsx"
"cytR","udp"
"dcuR","dctA"
"dcuR","dcuB"
"dcuR","dpiA"
"dcuR","dpiB"
"dcuR","frdA"
"dcuR","frdB"
"dcuR","frdC"
"dcuR","frdD"
"dcuR","fumB"
"deoR","deoA"
"deoR","deoB"
"deoR","deoC"
"deoR","deoD"
"deoR","nupG"
"deoR","tsx"
"dhaR","dhaK"
"dhaR","dhaL"
"dhaR","dhaM"
"dicA","dicB"
"dicA","intQ"
"dicA","ydfD"
"dicA","ydfE"
"dinJ","cspE"
"dinJ","yafQ"
"dnaA","aldA"
"dnaA","dnaN"
"dnaA","guaA"
"dnaA","guaB"
"dnaA","nrdA"
"dnaA","nrdB"
"dnaA","polA"
"dnaA","recF"
"dnaA","rpoH"
"dnaA","yfaE"
"dpiA","appY"
"dpiA","citC"
"dpiA","citD"
"dpiA","citE"
"dpiA","citF"
"dpiA","citG"
"dpiA","citX"
"dpiA","dpiB"
"dpiA","exuT"
"dpiA","mdh"
"dsdX","dsdA"
"ebgR","ebgA"
"ebgR","ebgC"
"envR","acrA"
"envR","acrB"
"envY","ompC"
"envY","ompF"
"evgA","acrD"
"evgA","emrK"
"evgA","emrY"
"evgA","evgS"
"evgA","frc"
"evgA","gadE"
"evgA","mdtE"
"evgA","mdtF"
"evgA","safA"
"evgA","ydeO"
"evgA","ydeP"
"evgA","yegR"
"evgA","yegZ"
"evgA","yfdX"
"exuR","exuT"
"exuR","uxaA"
"exuR","uxaB"
"exuR","uxaC"
"exuR","uxuA"
"exuR","uxuB"
"exuR","uxuR"
"fabR","fabA"
"fabR","fabB"
"fadR","fabA"
"fadR","fabB"
"fadR","fadA"
"fadR","fadB"
"fadR","fadD"
"fadR","fadE"
"fadR","fadH"
"fadR","fadI"
"fadR","fadJ"
"fadR","fadL"
"fadR","fadM"
"fadR","iclR"
"fadR","uspA"
"feaR","feaB"
"fhlA","fdhF"
"fhlA","focB"
"fhlA","hycA"
"fhlA","hycB"
"fhlA","hycC"
"fhlA","hycD"
"fhlA","hycE"
"fhlA","hycF"
"fhlA","hycG"
"fhlA","hycH"
"fhlA","hycI"
"fhlA","hydN"
"fhlA","hyfA"
"fhlA","hyfB"
"fhlA","hyfC"
"fhlA","hyfD"
"fhlA","hyfE"
"fhlA","hyfF"
"fhlA","hyfG"
"fhlA","hyfH"
"fhlA","hyfI"
"fhlA","hyfJ"
"fhlA","hyfR"
"fhlA","hypA"
"fhlA","hypB"
"fhlA","hypC"
"fhlA","hypD"
"fhlA","hypE"
"fhlA","hypF"
"fis","acnB"
"fis","acs"
"fis","actP"
"fis","adhE"
"fis","alaT"
"fis","aldB"
"fis","ansB"
"fis","apaG"
"fis","apaH"
"fis","bglB"
"fis","bglF"
"fis","bglG"
"fis","carA"
"fis","carB"
"fis","cspI"
"fis","cysG"
"fis","deoA"
"fis","deoB"
"fis","deoC"
"fis","deoD"
"fis","dmsA"
"fis","dmsB"
"fis","dmsC"
"fis","dps"
"fis","dusB"
"fis","fadA"
"fis","fadB"
"fis","flxA"
"fis","fumB"
"fis","gadA"
"fis","gadB"
"fis","gadC"
"fis","gadX"
"fis","glcC"
"fis","glnA"
"fis","glnG"
"fis","glnL"
"fis","glnQ"
"fis","glpA"
"fis","glpB"
"fis","glpC"
"fis","glpQ"
"fis","glpT"
"fis","gltX"
"fis","glyU"
"fis","grcA"
"fis","guaA"
"fis","guaB"
"fis","gyrA"
"fis","gyrB"
"fis","hlyE"
"fis","hns"
"fis","hupA"
"fis","hupB"
"fis","hyaA"
"fis","hyaB"
"fis","hyaC"
"fis","hyaD"
"fis","hyaE"
"fis","hyaF"
"fis","infB"
"fis","katE"
"fis","lpd"
"fis","malE"
"fis","malF"
"fis","malG"
"fis","marA"
"fis","marB"
"fis","marR"
"fis","mazE"
"fis","mazF"
"fis","mazG"
"fis","mglA"
"fis","mglC"
"fis","msrA"
"fis","mtlA"
"fis","mtlD"
"fis","mtlR"
"fis","nanA"
"fis","nanE"
"fis","nanK"
"fis","nanT"
"fis","narG"
"fis","narH"
"fis","narI"
"fis","narJ"
"fis","narK"
"fis","ndh"
"fis","nirB"
"fis","nirC"
"fis","nirD"
"fis","nrdA"
"fis","nrdB"
"fis","nrfA"
"fis","nrfB"
"fis","nrfC"
"fis","nrfD"
"fis","nrfE"
"fis","nrfF"
"fis","nrfG"
"fis","nuoA"
"fis","nuoB"
"fis","nuoC"
"fis","nuoE"
"fis","nuoF"
"fis","nuoG"
"fis","nuoH"
"fis","nuoI"
"fis","nuoJ"
"fis","nuoK"
"fis","nuoL"
"fis","nuoM"
"fis","nuoN"
"fis","nusA"
"fis","ogt"
"fis","osmE"
"fis","osmY"
"fis","pdxA"
"fis","pflB"
"fis","pnp"
"fis","proK"
"fis","proP"
"fis","ptsG"
"fis","pyrD"
"fis","queA"
"fis","rbfA"
"fis","rimP"
"fis","rnpB"
"fis","rplM"
"fis","rpsI"
"fis","rpsO"
"fis","rrfH"
"fis","rrlG"
"fis","rrsG"
"fis","rrsH"
"fis","rsmA"
"fis","sra"
"fis","topA"
"fis","tpr"
"fis","trg"
"fis","trmA"
"fis","truB"
"fis","xylF"
"fis","xylG"
"fis","xylH"
"fis","xylR"
"fis","yeaR"
"fis","yfaE"
"fis","yjcH"
"fis","yoaG"
"flhC","ccmA"
"flhC","ccmB"
"flhC","ccmC"
"flhC","ccmD"
"flhC","ccmE"
"flhC","ccmF"
"flhC","ccmG"
"flhC","ccmH"
"flhC","flgA"
"flhC","flgB"
"flhC","flgC"
"flhC","flgD"
"flhC","flgE"
"flhC","flgF"
"flhC","flgG"
"flhC","flgH"
"flhC","flgI"
"flhC","flgJ"
"flhC","flgM"
"flhC","flgN"
"flhC","flhA"
"flhC","flhB"
"flhC","flhE"
"flhC","fliA"
"flhC","fliD"
"flhC","fliE"
"flhC","fliF"
"flhC","fliG"
"flhC","fliH"
"flhC","fliI"
"flhC","fliJ"
"flhC","fliK"
"flhC","fliL"
"flhC","fliM"
"flhC","fliN"
"flhC","fliO"
"flhC","fliP"
"flhC","fliQ"
"flhC","fliR"
"flhC","fliS"
"flhC","fliT"
"flhC","glpA"
"flhC","glpB"
"flhC","glpC"
"flhC","gltI"
"flhC","gltJ"
"flhC","gltK"
"flhC","gltL"
"flhC","hydN"
"flhC","hypF"
"flhC","mdh"
"flhC","mglA"
"flhC","mglB"
"flhC","mglC"
"flhC","napA"
"flhC","napB"
"flhC","napC"
"flhC","napD"
"flhC","napF"
"flhC","napG"
"flhC","napH"
"flhC","nrfA"
"flhC","nrfB"
"flhC","nrfC"
"flhC","nrfD"
"flhC","nrfE"
"flhC","nrfF"
"flhC","nrfG"
"flhC","ppdA"
"flhC","ppdB"
"flhC","ppdC"
"flhC","recC"
"flhC","ycgR"
"flhC","yecR"
"flhC","ygbK"
"flhC","ygdB"
"fliZ","csgA"
"fliZ","csgB"
"fliZ","csgC"
"fliZ","csgD"
"fliZ","csgE"
"fliZ","csgF"
"fliZ","csgG"
"fliZ","flhC"
"fliZ","flhD"
"fliZ","gadB"
"fliZ","gadC"
"fliZ","gadE"
"fliZ","hdeA"
"fliZ","hdeB"
"fliZ","mdtE"
"fliZ","mdtF"
"fliZ","mlrA"
"fliZ","osmY"
"fliZ","yhiD"
"fnr","aceE"
"fnr","aceF"
"fnr","acnA"
"fnr","acrE"
"fnr","acrF"
"fnr","adhE"
"fnr","aer"
"fnr","aldA"
"fnr","amtB"
"fnr","ansB"
"fnr","arcA"
"fnr","aspA"
"fnr","aspC"
"fnr","bcsB"
"fnr","bcsZ"
"fnr","cadC"
"fnr","caiA"
"fnr","caiB"
"fnr","caiC"
"fnr","caiD"
"fnr","caiE"
"fnr","caiF"
"fnr","caiT"
"fnr","ccmA"
"fnr","ccmB"
"fnr","ccmC"
"fnr","ccmD"
"fnr","ccmE"
"fnr","ccmF"
"fnr","ccmG"
"fnr","ccmH"
"fnr","cheB"
"fnr","cheR"
"fnr","cheY"
"fnr","cheZ"
"fnr","citC"
"fnr","citD"
"fnr","citE"
"fnr","citF"
"fnr","citG"
"fnr","citX"
"fnr","cydA"
"fnr","cydB"
"fnr","cydC"
"fnr","cydD"
"fnr","cyoA"
"fnr","cyoB"
"fnr","cyoC"
"fnr","cyoD"
"fnr","cyoE"
"fnr","cysG"
"fnr","dcuA"
"fnr","dcuB"
"fnr","dcuC"
"fnr","dcuR"
"fnr","dcuS"
"fnr","dmsA"
"fnr","dmsB"
"fnr","dmsC"
"fnr","dmsD"
"fnr","dpiA"
"fnr","dpiB"
"fnr","dppA"
"fnr","dppB"
"fnr","dppC"
"fnr","dppD"
"fnr","dppF"
"fnr","emrK"
"fnr","emrY"
"fnr","entF"
"fnr","fdhF"
"fnr","fdnG"
"fnr","fdnH"
"fnr","fdnI"
"fnr","feoA"
"fnr","feoB"
"fnr","feoC"
"fnr","fepE"
"fnr","fes"
"fnr","fhlA"
"fnr","fixA"
"fnr","fixB"
"fnr","fixC"
"fnr","fixX"
"fnr","focA"
"fnr","focB"
"fnr","frdA"
"fnr","frdB"
"fnr","frdC"
"fnr","frdD"
"fnr","fumA"
"fnr","fumB"
"fnr","fumC"
"fnr","gadA"
"fnr","gadW"
"fnr","gadX"
"fnr","garK"
"fnr","garL"
"fnr","garP"
"fnr","garR"
"fnr","gcvH"
"fnr","gcvP"
"fnr","gcvT"
"fnr","gdhA"
"fnr","glnD"
"fnr","glnK"
"fnr","glpA"
"fnr","glpB"
"fnr","glpC"
"fnr","glpQ"
"fnr","glpT"
"fnr","gltB"
"fnr","gltD"
"fnr","gltF"
"fnr","gnd"
"fnr","grcA"
"fnr","hcp"
"fnr","hcr"
"fnr","hemA"
"fnr","hlyE"
"fnr","hmp"
"fnr","hyfA"
"fnr","hyfB"
"fnr","hyfC"
"fnr","hyfD"
"fnr","hyfE"
"fnr","hyfF"
"fnr","hyfG"
"fnr","hyfH"
"fnr","hyfI"
"fnr","hyfJ"
"fnr","hyfR"
"fnr","hypB"
"fnr","hypC"
"fnr","hypD"
"fnr","hypE"
"fnr","iraD"
"fnr","iraM"
"fnr","katG"
"fnr","lpd"
"fnr","malP"
"fnr","malQ"
"fnr","moaA"
"fnr","moaB"
"fnr","moaC"
"fnr","moaD"
"fnr","moaE"
"fnr","moeA"
"fnr","moeB"
"fnr","nac"
"fnr","napA"
"fnr","napB"
"fnr","napC"
"fnr","napD"
"fnr","napF"
"fnr","napG"
"fnr","napH"
"fnr","narG"
"fnr","narH"
"fnr","narI"
"fnr","narJ"
"fnr","narK"
"fnr","narL"
"fnr","narX"
"fnr","ndh"
"fnr","nikA"
"fnr","nikB"
"fnr","nikC"
"fnr","nikD"
"fnr","nikE"
"fnr","nikR"
"fnr","nirB"
"fnr","nirC"
"fnr","nirD"
"fnr","norV"
"fnr","norW"
"fnr","nrdD"
"fnr","nrdG"
"fnr","nrfA"
"fnr","nrfB"
"fnr","nrfC"
"fnr","nrfD"
"fnr","nrfE"
"fnr","nrfF"
"fnr","nrfG"
"fnr","nuoA"
"fnr","nuoB"
"fnr","nuoC"
"fnr","nuoE"
"fnr","nuoF"
"fnr","nuoG"
"fnr","nuoH"
"fnr","nuoI"
"fnr","nuoJ"
"fnr","nuoK"
"fnr","nuoL"
"fnr","nuoM"
"fnr","nuoN"
"fnr","ompW"
"fnr","ompX"
"fnr","pdhR"
"fnr","pepT"
"fnr","pflB"
"fnr","pheM"
"fnr","phoU"
"fnr","pitA"
"fnr","prfA"
"fnr","prmC"
"fnr","pstA"
"fnr","pstB"
"fnr","pstC"
"fnr","pstS"
"fnr","purM"
"fnr","purN"
"fnr","puuA"
"fnr","rimM"
"fnr","rnpB"
"fnr","rplB"
"fnr","rplC"
"fnr","rplD"
"fnr","rplM"
"fnr","rplP"
"fnr","rplS"
"fnr","rplT"
"fnr","rplV"
"fnr","rplW"
"fnr","rpmC"
"fnr","rpsC"
"fnr","rpsI"
"fnr","rpsJ"
"fnr","rpsP"
"fnr","rpsQ"
"fnr","rpsS"
"fnr","sdhA"
"fnr","sdhB"
"fnr","sdhC"
"fnr","sdhD"
"fnr","sodA"
"fnr","soxR"
"fnr","soxS"
"fnr","ssuA"
"fnr","ssuB"
"fnr","ssuC"
"fnr","ssuD"
"fnr","ssuE"
"fnr","sucA"
"fnr","sucB"
"fnr","sucC"
"fnr","sucD"
"fnr","tap"
"fnr","tar"
"fnr","tdcA"
"fnr","tdcB"
"fnr","tdcC"
"fnr","tdcD"
"fnr","tdcE"
"fnr","tdcF"
"fnr","tpx"
"fnr","trmD"
"fnr","ubiA"
"fnr","ubiC"
"fnr","upp"
"fnr","uraA"
"fnr","uxaA"
"fnr","uxaC"
"fnr","xdhA"
"fnr","xdhB"
"fnr","xdhC"
"fnr","ybdN"
"fnr","ychO"
"fnr","ydeJ"
"fnr","ydhT"
"fnr","ydhU"
"fnr","ydhV"
"fnr","ydhW"
"fnr","ydhX"
"fnr","ydhY"
"fnr","yecR"
"fnr","yeiL"
"fnr","ygbA"
"fnr","ynfE"
"fnr","ynfF"
"fnr","ynfG"
"fnr","ynfH"
"fnr","ysgA"
"fnr","ytfE"
"fnr","zwf"
"fucR","fucA"
"fucR","fucI"
"fucR","fucK"
"fucR","fucO"
"fucR","fucP"
"fucR","fucU"
"fur","amtB"
"fur","aspC"
"fur","cirA"
"fur","cyoA"
"fur","cyoB"
"fur","cyoC"
"fur","cyoD"
"fur","cyoE"
"fur","entA"
"fur","entB"
"fur","entC"
"fur","entD"
"fur","entE"
"fur","entF"
"fur","entH"
"fur","entS"
"fur","exbB"
"fur","exbD"
"fur","fecA"
"fur","fecB"
"fur","fecC"
"fur","fecD"
"fur","fecE"
"fur","fecI"
"fur","fecR"
"fur","feoA"
"fur","feoB"
"fur","feoC"
"fur","fepA"
"fur","fepB"
"fur","fepC"
"fur","fepD"
"fur","fepE"
"fur","fepG"
"fur","fes"
"fur","fhuA"
"fur","fhuB"
"fur","fhuC"
"fur","fhuD"
"fur","fhuE"
"fur","fhuF"
"fur","fiu"
"fur","flhC"
"fur","flhD"
"fur","ftnA"
"fur","fumB"
"fur","fumC"
"fur","garK"
"fur","garL"
"fur","garP"
"fur","garR"
"fur","gdhA"
"fur","glnD"
"fur","glnK"
"fur","gltB"
"fur","gltD"
"fur","gltF"
"fur","glyU"
"fur","gnd"
"fur","gpmA"
"fur","grcA"
"fur","gspC"
"fur","gspD"
"fur","gspE"
"fur","gspF"
"fur","gspG"
"fur","gspH"
"fur","gspI"
"fur","gspJ"
"fur","gspK"
"fur","gspL"
"fur","gspM"
"fur","gspO"
"fur","hmp"
"fur","katE"
"fur","katG"
"fur","lpd"
"fur","metH"
"fur","metJ"
"fur","mntH"
"fur","mntP"
"fur","nac"
"fur","ndh"
"fur","nohA"
"fur","nrdE"
"fur","nrdF"
"fur","nrdH"
"fur","nrdI"
"fur","ompF"
"fur","oppA"
"fur","oppB"
"fur","oppC"
"fur","oppD"
"fur","oppF"
"fur","purR"
"fur","pyrC"
"fur","rcnA"
"fur","rcnB"
"fur","rnpB"
"fur","rpoS"
"fur","sdhA"
"fur","sdhB"
"fur","sdhC"
"fur","sdhD"
"fur","sodA"
"fur","sodB"
"fur","soxR"
"fur","soxS"
"fur","sucA"
"fur","sucB"
"fur","sucC"
"fur","sucD"
"fur","sufA"
"fur","sufB"
"fur","sufC"
"fur","sufE"
"fur","sufS"
"fur","tfaQ"
"fur","tonB"
"fur","ygaC"
"fur","yhhY"
"fur","zinT"
"fur","zwf"
"gadE","adiC"
"gadE","aslB"
"gadE","bdm"
"gadE","cadA"
"gadE","cadB"
"gadE","csgD"
"gadE","csgE"
"gadE","csgF"
"gadE","csgG"
"gadE","cyoA"
"gadE","cyoB"
"gadE","cyoC"
"gadE","cyoD"
"gadE","cyoE"
"gadE","dctR"
"gadE","fabZ"
"gadE","flhC"
"gadE","flhD"
"gadE","fliC"
"gadE","ftsA"
"gadE","ftsZ"
"gadE","gadA"
"gadE","gadB"
"gadE","gadC"
"gadE","gadW"
"gadE","gadX"
"gadE","gltB"
"gadE","gltD"
"gadE","gltF"
"gadE","gnd"
"gadE","hdeA"
"gadE","hdeB"
"gadE","hdeD"
"gadE","lolA"
"gadE","lpxA"
"gadE","lpxD"
"gadE","lrp"
"gadE","mdtE"
"gadE","mdtF"
"gadE","osmB"
"gadE","osmC"
"gadE","purA"
"gadE","rarA"
"gadE","rcsA"
"gadE","safA"
"gadE","slp"
"gadE","sra"
"gadE","wcaA"
"gadE","wcaB"
"gadE","wza"
"gadE","wzb"
"gadE","wzc"
"gadE","ydeO"
"gadE","ydeP"
"gadE","yhiD"
"gadE","yhiM"
"gadE","yjbE"
"gadE","yjbF"
"gadE","yjbG"
"gadE","yjbH"
"gadW","dctR"
"gadW","gadA"
"gadW","gadB"
"gadW","gadC"
"gadW","gadX"
"gadW","hdeA"
"gadW","hdeB"
"gadW","mdtE"
"gadW","mdtF"
"gadW","slp"
"gadW","yhiD"
"gadX","amtB"
"gadX","asnB"
"gadX","btuB"
"gadX","cadA"
"gadX","cadB"
"gadX","dctR"
"gadX","gadA"
"gadX","gadB"
"gadX","gadC"
"gadX","glnK"
"gadX","hdeA"
"gadX","hdeB"
"gadX","hdeD"
"gadX","lon"
"gadX","mdtE"
"gadX","mdtF"
"gadX","murI"
"gadX","rpoS"
"gadX","slp"
"gadX","uspE"
"gadX","ybaT"
"gadX","yhiD"
"galR","galE"
"galR","galK"
"galR","galM"
"galR","galP"
"galR","galS"
"galR","galT"
"galR","mglA"
"galR","mglB"
"galR","mglC"
"galS","galE"
"galS","galK"
"galS","galM"
"galS","galP"
"galS","galT"
"galS","mglA"
"galS","mglB"
"galS","mglC"
"gcvA","gcvH"
"gcvA","gcvP"
"gcvA","gcvT"
"glcC","glcA"
"glcC","glcB"
"glcC","glcD"
"glcC","glcF"
"glcC","glcG"
"glnG","amtB"
"glnG","argT"
"glnG","astA"
"glnG","astB"
"glnG","astC"
"glnG","astD"
"glnG","astE"
"glnG","cbl"
"glnG","ddpA"
"glnG","ddpB"
"glnG","ddpC"
"glnG","ddpD"
"glnG","ddpF"
"glnG","ddpX"
"glnG","glnA"
"glnG","glnH"
"glnG","glnK"
"glnG","glnL"
"glnG","glnP"
"glnG","glnQ"
"glnG","hisJ"
"glnG","hisM"
"glnG","hisP"
"glnG","hisQ"
"glnG","nac"
"glnG","potF"
"glnG","potG"
"glnG","potH"
"glnG","potI"
"glnG","rutA"
"glnG","rutB"
"glnG","rutC"
"glnG","rutD"
"glnG","rutE"
"glnG","rutF"
"glnG","rutG"
"glnG","yeaG"
"glnG","yeaH"
"glnG","yhdW"
"glnG","yhdX"
"glnG","yhdY"
"glnG","yhdZ"
"glpR","glpA"
"glpR","glpB"
"glpR","glpC"
"glpR","glpD"
"glpR","glpF"
"glpR","glpK"
"glpR","glpQ"
"glpR","glpT"
"glpR","glpX"
"gntR","eda"
"gntR","edd"
"gntR","gntK"
"gntR","gntT"
"gntR","idnD"
"gntR","idnK"
"gntR","idnO"
"gntR","idnR"
"gntR","idnT"
"gntR","nfuA"
"gutM","gutQ"
"gutM","srlA"
"gutM","srlB"
"gutM","srlD"
"gutM","srlE"
"gutM","srlR"
"hcaR","hcaB"
"hcaR","hcaC"
"hcaR","hcaD"
"hcaR","hcaE"
"hcaR","hcaF"
"hdfR","flhC"
"hdfR","flhD"
"hdfR","gltB"
"hdfR","gltD"
"hdfR","gltF"
"hipB","hipA"
"hns","acrE"
"hns","acrF"
"hns","adiA"
"hns","adiY"
"hns","appY"
"hns","asr"
"hns","bglB"
"hns","bglF"
"hns","bglG"
"hns","bglJ"
"hns","bolA"
"hns","cadA"
"hns","cadB"
"hns","cadC"
"hns","caiA"
"hns","caiB"
"hns","caiC"
"hns","caiD"
"hns","caiE"
"hns","caiF"
"hns","caiT"
"hns","cas1"
"hns","cas2"
"hns","casA"
"hns","casB"
"hns","casC"
"hns","casD"
"hns","casE"
"hns","chiA"
"hns","csiE"
"hns","cspD"
"hns","cydA"
"hns","cydB"
"hns","cysA"
"hns","cysG"
"hns","cysM"
"hns","cysP"
"hns","cysU"
"hns","cysW"
"hns","dctR"
"hns","degP"
"hns","dps"
"hns","entF"
"hns","evgA"
"hns","evgS"
"hns","fepE"
"hns","fes"
"hns","fimA"
"hns","fimB"
"hns","fimC"
"hns","fimD"
"hns","fimE"
"hns","fimF"
"hns","fimG"
"hns","fimH"
"hns","fimI"
"hns","flhC"
"hns","flhD"
"hns","fliA"
"hns","fliC"
"hns","fliZ"
"hns","ftnA"
"hns","gabD"
"hns","gabP"
"hns","gabT"
"hns","gadA"
"hns","gadE"
"hns","gadW"
"hns","gadX"
"hns","galE"
"hns","galK"
"hns","galM"
"hns","galT"
"hns","garK"
"hns","garL"
"hns","garP"
"hns","garR"
"hns","gspA"
"hns","gspB"
"hns","gspC"
"hns","gspD"
"hns","gspE"
"hns","gspF"
"hns","gspG"
"hns","gspH"
"hns","gspI"
"hns","gspJ"
"hns","gspK"
"hns","gspL"
"hns","gspM"
"hns","gspO"
"hns","gutM"
"hns","gutQ"
"hns","hchA"
"hns","hdeA"
"hns","hdeB"
"hns","hdeD"
"hns","hdfR"
"hns","hisJ"
"hns","hisM"
"hns","hisP"
"hns","hisQ"
"hns","hlyE"
"hns","ilvH"
"hns","ilvI"
"hns","lacA"
"hns","lacZ"
"hns","leuO"
"hns","lrp"
"hns","mazE"
"hns","mazF"
"hns","mdtE"
"hns","mdtF"
"hns","mukB"
"hns","mukE"
"hns","mukF"
"hns","nhaA"
"hns","nhaR"
"hns","nirB"
"hns","nirC"
"hns","nirD"
"hns","osmC"
"hns","proK"
"hns","proW"
"hns","proX"
"hns","rcsA"
"hns","rcsB"
"hns","rcsD"
"hns","relA"
"hns","rnpB"
"hns","rrfH"
"hns","rrlG"
"hns","rrsG"
"hns","rrsH"
"hns","slp"
"hns","sodB"
"hns","srlA"
"hns","srlB"
"hns","srlD"
"hns","srlE"
"hns","srlR"
"hns","stpA"
"hns","yciE"
"hns","yciF"
"hns","yciG"
"hns","ydeO"
"hns","ydeP"
"hns","yhiD"
"hns","yhiM"
"hns","yjjP"
"hns","yjjQ"
"hupA","galE"
"hupA","galK"
"hupA","galM"
"hupA","galT"
"hupA","mtr"
"hupA","pgm"
"hupA","seqA"
"hupA","tyrP"
"hyfR","focB"
"hyfR","hyfA"
"hyfR","hyfB"
"hyfR","hyfC"
"hyfR","hyfD"
"hyfR","hyfE"
"hyfR","hyfF"
"hyfR","hyfG"
"hyfR","hyfH"
"hyfR","hyfI"
"hyfR","hyfJ"
"iclR","aceA"
"iclR","aceB"
"iclR","aceK"
"idnR","gntK"
"idnR","idnD"
"idnR","idnK"
"idnR","idnO"
"idnR","idnT"
"ihfA","aceA"
"ihfA","aceB"
"ihfA","aceK"
"ihfA","acs"
"ihfA","actP"
"ihfA","adiA"
"ihfA","amiA"
"ihfA","atoA"
"ihfA","atoB"
"ihfA","atoD"
"ihfA","atoE"
"ihfA","carA"
"ihfA","carB"
"ihfA","csgD"
"ihfA","csgE"
"ihfA","csgF"
"ihfA","csgG"
"ihfA","cysG"
"ihfA","cysH"
"ihfA","cysI"
"ihfA","cysJ"
"ihfA","dcuD"
"ihfA","dmsA"
"ihfA","dmsB"
"ihfA","dmsC"
"ihfA","dppA"
"ihfA","dppB"
"ihfA","dppC"
"ihfA","dppD"
"ihfA","dppF"
"ihfA","dps"
"ihfA","dusB"
"ihfA","envZ"
"ihfA","fhlA"
"ihfA","fimA"
"ihfA","fimB"
"ihfA","fimC"
"ihfA","fimD"
"ihfA","fimF"
"ihfA","fimG"
"ihfA","fimH"
"ihfA","fimI"
"ihfA","fis"
"ihfA","flhC"
"ihfA","flhD"
"ihfA","fnr"
"ihfA","focA"
"ihfA","folA"
"ihfA","gcd"
"ihfA","glcA"
"ihfA","glcB"
"ihfA","glcD"
"ihfA","glcF"
"ihfA","glcG"
"ihfA","glnH"
"ihfA","glnP"
"ihfA","glnQ"
"ihfA","glpQ"
"ihfA","glpT"
"ihfA","gltA"
"ihfA","gltB"
"ihfA","gltD"
"ihfA","gltF"
"ihfA","glyU"
"ihfA","hemA"
"ihfA","hemF"
"ihfA","hipA"
"ihfA","hipB"
"ihfA","hpt"
"ihfA","htrE"
"ihfA","hycA"
"ihfA","hycB"
"ihfA","hycC"
"ihfA","hycD"
"ihfA","hycE"
"ihfA","hycF"
"ihfA","hycG"
"ihfA","hycH"
"ihfA","hycI"
"ihfA","hypA"
"ihfA","hypB"
"ihfA","hypC"
"ihfA","hypD"
"ihfA","hypE"
"ihfA","ibpB"
"ihfA","ihfB"
"ihfA","ilvA"
"ihfA","ilvD"
"ihfA","ilvE"
"ihfA","ilvL"
"ihfA","ilvM"
"ihfA","lyxK"
"ihfA","mtr"
"ihfA","narG"
"ihfA","narH"
"ihfA","narI"
"ihfA","narJ"
"ihfA","narK"
"ihfA","ndh"
"ihfA","nirB"
"ihfA","nirC"
"ihfA","nirD"
"ihfA","nmpC"
"ihfA","norV"
"ihfA","norW"
"ihfA","nrfA"
"ihfA","nrfB"
"ihfA","nrfC"
"ihfA","nrfD"
"ihfA","nrfE"
"ihfA","nrfF"
"ihfA","nrfG"
"ihfA","nuoA"
"ihfA","nuoB"
"ihfA","nuoC"
"ihfA","nuoE"
"ihfA","nuoF"
"ihfA","nuoG"
"ihfA","nuoH"
"ihfA","nuoI"
"ihfA","nuoJ"
"ihfA","nuoK"
"ihfA","nuoL"
"ihfA","nuoM"
"ihfA","nuoN"
"ihfA","ompC"
"ihfA","ompF"
"ihfA","ompR"
"ihfA","osmE"
"ihfA","osmY"
"ihfA","paaA"
"ihfA","paaB"
"ihfA","paaC"
"ihfA","paaD"
"ihfA","paaE"
"ihfA","paaF"
"ihfA","paaG"
"ihfA","paaH"
"ihfA","paaI"
"ihfA","paaJ"
"ihfA","paaK"
"ihfA","paaZ"
"ihfA","pflB"
"ihfA","phoU"
"ihfA","prfA"
"ihfA","prmC"
"ihfA","pspA"
"ihfA","pspB"
"ihfA","pspC"
"ihfA","pspD"
"ihfA","pspE"
"ihfA","pspG"
"ihfA","pstA"
"ihfA","pstB"
"ihfA","pstC"
"ihfA","pstS"
"ihfA","rpoH"
"ihfA","rtcA"
"ihfA","rtcB"
"ihfA","sgbE"
"ihfA","sgbH"
"ihfA","sgbU"
"ihfA","sodA"
"ihfA","sodB"
"ihfA","sra"
"ihfA","ssuA"
"ihfA","ssuB"
"ihfA","ssuC"
"ihfA","ssuD"
"ihfA","ssuE"
"ihfA","sucA"
"ihfA","sucB"
"ihfA","sucC"
"ihfA","sucD"
"ihfA","sufA"
"ihfA","sufB"
"ihfA","sufC"
"ihfA","sufE"
"ihfA","sufS"
"ihfA","tdcA"
"ihfA","tdcB"
"ihfA","tdcC"
"ihfA","tdcD"
"ihfA","tdcE"
"ihfA","tdcF"
"ihfA","tyrP"
"ihfA","ubiA"
"ihfA","ubiC"
"ihfA","ulaA"
"ihfA","ulaB"
"ihfA","ulaC"
"ihfA","ulaD"
"ihfA","ulaE"
"ihfA","ulaF"
"ihfA","ulaG"
"ihfA","uspA"
"ihfA","uspB"
"ihfA","yadV"
"ihfA","yeiL"
"ihfA","yiaK"
"ihfA","yiaL"
"ihfA","yiaM"
"ihfA","yiaN"
"ihfA","yiaO"
"ihfA","yjbE"
"ihfA","yjbF"
"ihfA","yjbG"
"ihfA","yjbH"
"ihfA","yjcH"
"ilvY","ilvC"
"iscR","erpA"
"iscR","glyU"
"iscR","hyaA"
"iscR","hyaB"
"iscR","hyaC"
"iscR","hyaD"
"iscR","hyaE"
"iscR","hyaF"
"iscR","iscA"
"iscR","iscS"
"iscR","iscU"
"iscR","napA"
"iscR","napB"
"iscR","napC"
"iscR","napD"
"iscR","napF"
"iscR","napG"
"iscR","napH"
"iscR","nfuA"
"iscR","nrdE"
"iscR","nrdF"
"iscR","nrdH"
"iscR","nrdI"
"iscR","rnlA"
"iscR","sufA"
"iscR","sufB"
"iscR","sufC"
"iscR","sufE"
"iscR","sufS"
"kdgR","eda"
"kdgR","edd"
"kdpE","kdpA"
"kdpE","kdpB"
"kdpE","kdpC"
"lacI","lacA"
"lacI","lacZ"
"leuO","bglB"
"leuO","bglF"
"leuO","bglG"
"leuO","cadC"
"leuO","cas1"
"leuO","cas2"
"leuO","casA"
"leuO","casB"
"leuO","casC"
"leuO","casD"
"leuO","casE"
"leuO","dsrA"
"leuO","leuA"
"leuO","leuB"
"leuO","leuC"
"leuO","leuD"
"leuO","leuL"
"leuO","yjjQ"
"lexA","cho"
"lexA","ddlB"
"lexA","dinB"
"lexA","dinD"
"lexA","dinF"
"lexA","dinG"
"lexA","dinI"
"lexA","dinJ"
"lexA","dnaG"
"lexA","ftsA"
"lexA","ftsI"
"lexA","ftsK"
"lexA","ftsL"
"lexA","ftsQ"
"lexA","ftsW"
"lexA","ftsZ"
"lexA","insK"
"lexA","lpxC"
"lexA","mraY"
"lexA","murC"
"lexA","murD"
"lexA","murE"
"lexA","murF"
"lexA","murG"
"lexA","phr"
"lexA","polB"
"lexA","recA"
"lexA","recN"
"lexA","recX"
"lexA","rpsU"
"lexA","ruvA"
"lexA","ruvB"
"lexA","sbmC"
"lexA","ssb"
"lexA","sulA"
"lexA","symE"
"lexA","umuC"
"lexA","umuD"
"lexA","uvrA"
"lexA","uvrB"
"lexA","uvrC"
"lexA","uvrD"
"lexA","uvrY"
"lexA","yafN"
"lexA","yafO"
"lexA","yafP"
"lexA","yafQ"
"lexA","ybfE"
"lexA","ydjM"
"lexA","yebG"
"lldR","lldD"
"lldR","lldP"
"lrhA","fimE"
"lrhA","flhC"
"lrhA","flhD"
"lrp","adhE"
"lrp","aidB"
"lrp","alaA"
"lrp","alaT"
"lrp","argO"
"lrp","aroA"
"lrp","avtA"
"lrp","cadA"
"lrp","cadB"
"lrp","dadA"
"lrp","dadX"
"lrp","fimA"
"lrp","fimC"
"lrp","fimD"
"lrp","fimE"
"lrp","fimF"
"lrp","fimG"
"lrp","fimH"
"lrp","fimI"
"lrp","gabD"
"lrp","gabP"
"lrp","gabT"
"lrp","gcvH"
"lrp","gcvP"
"lrp","gcvT"
"lrp","gltB"
"lrp","gltD"
"lrp","gltF"
"lrp","hdeA"
"lrp","hdeB"
"lrp","ilvA"
"lrp","ilvD"
"lrp","ilvE"
"lrp","ilvH"
"lrp","ilvI"
"lrp","ilvL"
"lrp","ilvM"
"lrp","kbl"
"lrp","livF"
"lrp","livG"
"lrp","livH"
"lrp","livJ"
"lrp","livK"
"lrp","livM"
"lrp","lysP"
"lrp","lysU"
"lrp","malT"
"lrp","ompC"
"lrp","oppA"
"lrp","oppB"
"lrp","oppC"
"lrp","oppD"
"lrp","oppF"
"lrp","osmC"
"lrp","osmY"
"lrp","rrfH"
"lrp","rrlG"
"lrp","rrsG"
"lrp","rrsH"
"lrp","sdaA"
"lrp","serA"
"lrp","serC"
"lrp","stpA"
"lrp","tdh"
"lrp","yeiL"
"lrp","yhiD"
"lrp","yojI"
"lsrR","lsrA"
"lsrR","lsrB"
"lsrR","lsrC"
"lsrR","lsrD"
"lsrR","lsrF"
"lsrR","lsrG"
"lsrR","lsrK"
"lsrR","tam"
"lysR","lysA"
"malI","malX"
"malI","malY"
"malT","lamB"
"malT","malE"
"malT","malF"
"malT","malG"
"malT","malK"
"malT","malM"
"malT","malP"
"malT","malQ"
"malT","malS"
"malT","malZ"
"marA","acnA"
"marA","acrA"
"marA","acrB"
"marA","dctR"
"marA","fpr"
"marA","fumC"
"marA","hdeA"
"marA","hdeB"
"marA","inaA"
"marA","marB"
"marA","marR"
"marA","nfo"
"marA","nfsA"
"marA","nfsB"
"marA","poxB"
"marA","pqiA"
"marA","pqiB"
"marA","purA"
"marA","putA"
"marA","rimK"
"marA","slp"
"marA","sodA"
"marA","tolC"
"marA","waaY"
"marA","ybjC"
"marA","ybjN"
"marA","ygiA"
"marA","ygiB"
"marA","ygiC"
"marA","yhiD"
"marA","yncE"
"marA","zwf"
"marR","marB"
"mcbR","mcbA"
"mcbR","yciE"
"mcbR","yciF"
"mcbR","yciG"
"melR","melA"
"melR","melB"
"metJ","ahpC"
"metJ","ahpF"
"metJ","folE"
"metJ","metA"
"metJ","metB"
"metJ","metC"
"metJ","metE"
"metJ","metF"
"metJ","metI"
"metJ","metK"
"metJ","metL"
"metJ","metN"
"metJ","metQ"
"metJ","metR"
"metJ","yeiB"
"metR","glyA"
"metR","hmp"
"metR","metE"
"metR","metH"
"mhpR","mhpA"
"mhpR","mhpB"
"mhpR","mhpC"
"mhpR","mhpD"
"mhpR","mhpE"
"mhpR","mhpF"
"mlc","crr"
"mlc","malT"
"mlc","manX"
"mlc","manY"
"mlc","manZ"
"mlc","ptsG"
"mlc","ptsH"
"mlc","ptsI"
"mlrA","cadC"
"mlrA","csgD"
"mlrA","csgE"
"mlrA","csgF"
"mlrA","csgG"
"mlrA","ibaG"
"mlrA","rplU"
"mlrA","rpmA"
"mngR","mngA"
"mngR","mngB"
"mntR","dps"
"mntR","mntH"
"mntR","mntP"
"modE","ccmA"
"modE","ccmB"
"modE","ccmC"
"modE","ccmD"
"modE","ccmE"
"modE","ccmF"
"modE","ccmG"
"modE","ccmH"
"modE","deoA"
"modE","deoB"
"modE","deoC"
"modE","deoD"
"modE","dmsA"
"modE","dmsB"
"modE","dmsC"
"modE","hycA"
"modE","hycB"
"modE","hycC"
"modE","hycD"
"modE","hycE"
"modE","hycF"
"modE","hycG"
"modE","hycH"
"modE","hycI"
"modE","moaA"
"modE","moaB"
"modE","moaC"
"modE","moaD"
"modE","moaE"
"modE","modA"
"modE","modB"
"modE","modC"
"modE","napA"
"modE","napB"
"modE","napC"
"modE","napD"
"modE","napF"
"modE","napG"
"modE","napH"
"modE","narL"
"modE","narX"
"modE","oppA"
"modE","oppB"
"modE","oppC"
"modE","oppD"
"modE","oppF"
"mprA","acrA"
"mprA","acrB"
"mprA","emrA"
"mprA","emrB"
"mprA","nmpC"
"mqsA","cspD"
"mqsA","mqsR"
"mqsA","rpoS"
"mtlR","mtlA"
"mtlR","mtlD"
"murR","murP"
"murR","murQ"
"nac","asnC"
"nac","codA"
"nac","codB"
"nac","gabD"
"nac","gabP"
"nac","gabT"
"nac","gdhA"
"nac","gltB"
"nac","gltD"
"nac","gltF"
"nac","mioC"
"nac","mnmG"
"nac","nupC"
"nac","serA"
"nadR","nadA"
"nadR","nadB"
"nadR","pncB"
"nadR","pnuC"
"nagC","chbA"
"nagC","chbB"
"nagC","chbC"
"nagC","chbF"
"nagC","chbG"
"nagC","chbR"
"nagC","chiP"
"nagC","creA"
"nagC","creB"
"nagC","creC"
"nagC","creD"
"nagC","crr"
"nagC","dinI"
"nagC","feoA"
"nagC","feoB"
"nagC","feoC"
"nagC","fimB"
"nagC","galP"
"nagC","glmS"
"nagC","glmU"
"nagC","manX"
"nagC","manY"
"nagC","manZ"
"nagC","nagA"
"nagC","nagB"
"nagC","nagE"
"nagC","nanC"
"nagC","nanM"
"nagC","ptsH"
"nagC","ptsI"
"nagC","ydeN"
"nagC","ydeP"
"nanR","fimB"
"nanR","nanA"
"nanR","nanC"
"nanR","nanE"
"nanR","nanK"
"nanR","nanM"
"nanR","nanT"
"narL","adhE"
"narL","aspA"
"narL","caiF"
"narL","ccmA"
"narL","ccmB"
"narL","ccmC"
"narL","ccmD"
"narL","ccmE"
"narL","ccmF"
"narL","ccmG"
"narL","ccmH"
"narL","citC"
"narL","citD"
"narL","citE"
"narL","citF"
"narL","citG"
"narL","citX"
"narL","cydC"
"narL","cydD"
"narL","cysG"
"narL","dcuA"
"narL","dcuB"
"narL","dcuR"
"narL","dcuS"
"narL","dmsA"
"narL","dmsB"
"narL","dmsC"
"narL","dmsD"
"narL","dpiA"
"narL","dpiB"
"narL","fdhF"
"narL","fdnG"
"narL","fdnH"
"narL","fdnI"
"narL","focA"
"narL","frdA"
"narL","frdB"
"narL","frdC"
"narL","frdD"
"narL","fumB"
"narL","hcp"
"narL","hcr"
"narL","hyaA"
"narL","hyaB"
"narL","hyaC"
"narL","hyaD"
"narL","hyaE"
"narL","hyaF"
"narL","hybA"
"narL","hybB"
"narL","hybC"
"narL","hybD"
"narL","hybE"
"narL","hybF"
"narL","hybG"
"narL","hybO"
"narL","moeA"
"narL","moeB"
"narL","napA"
"narL","napB"
"narL","napC"
"narL","napD"
"narL","napF"
"narL","napG"
"narL","napH"
"narL","narG"
"narL","narH"
"narL","narI"
"narL","narJ"
"narL","narK"
"narL","nikA"
"narL","nikB"
"narL","nikC"
"narL","nikD"
"narL","nikE"
"narL","nikR"
"narL","nirB"
"narL","nirC"
"narL","nirD"
"narL","norV"
"narL","norW"
"narL","nrfA"
"narL","nrfB"
"narL","nrfC"
"narL","nrfD"
"narL","nrfE"
"narL","nrfF"
"narL","nrfG"
"narL","nuoA"
"narL","nuoB"
"narL","nuoC"
"narL","nuoE"
"narL","nuoF"
"narL","nuoG"
"narL","nuoH"
"narL","nuoI"
"narL","nuoJ"
"narL","nuoK"
"narL","nuoL"
"narL","nuoM"
"narL","nuoN"
"narL","ogt"
"narL","pflB"
"narL","torA"
"narL","torC"
"narL","torD"
"narL","ubiA"
"narL","ubiC"
"narL","ydhT"
"narL","ydhU"
"narL","ydhV"
"narL","ydhW"
"narL","ydhX"
"narL","ydhY"
"narL","yeaR"
"narL","ynfE"
"narL","ynfF"
"narL","ynfG"
"narL","ynfH"
"narL","yoaG"
"narL","ytfE"
"narP","ccmA"
"narP","ccmB"
"narP","ccmC"
"narP","ccmD"
"narP","ccmE"
"narP","ccmF"
"narP","ccmG"
"narP","ccmH"
"narP","cysG"
"narP","fdhF"
"narP","fdnG"
"narP","fdnH"
"narP","fdnI"
"narP","hcp"
"narP","hcr"
"narP","hyaA"
"narP","hyaB"
"narP","hyaC"
"narP","hyaD"
"narP","hyaE"
"narP","hyaF"
"narP","napA"
"narP","napB"
"narP","napC"
"narP","napD"
"narP","napF"
"narP","napG"
"narP","napH"
"narP","nirB"
"narP","nirC"
"narP","nirD"
"narP","norV"
"narP","norW"
"narP","nrfA"
"narP","nrfB"
"narP","nrfC"
"narP","nrfD"
"narP","nrfE"
"narP","nrfF"
"narP","nrfG"
"narP","ydhT"
"narP","ydhU"
"narP","ydhV"
"narP","ydhW"
"narP","ydhX"
"narP","ydhY"
"narP","yeaR"
"narP","yoaG"
"narP","ytfE"
"nemR","nemA"
"nhaR","nhaA"
"nhaR","osmC"
"nhaR","pgaA"
"nhaR","pgaB"
"nhaR","pgaC"
"nhaR","pgaD"
"nikR","nikA"
"nikR","nikB"
"nikR","nikC"
"nikR","nikD"
"nikR","nikE"
"norR","norV"
"norR","norW"
"nrdR","nrdA"
"nrdR","nrdB"
"nrdR","nrdD"
"nrdR","nrdE"
"nrdR","nrdF"
"nrdR","nrdG"
"nrdR","nrdH"
"nrdR","nrdI"
"nrdR","yfaE"
"nsrR","aceE"
"nsrR","aceF"
"nsrR","bamE"
"nsrR","bdcA"
"nsrR","cdd"
"nsrR","dkgB"
"nsrR","dsdX"
"nsrR","feaB"
"nsrR","feaR"
"nsrR","fhlA"
"nsrR","fliA"
"nsrR","fliZ"
"nsrR","glyU"
"nsrR","grxD"
"nsrR","hcp"
"nsrR","hcr"
"nsrR","hmp"
"nsrR","hycA"
"nsrR","hycB"
"nsrR","hycC"
"nsrR","hycD"
"nsrR","hycE"
"nsrR","hycF"
"nsrR","hycG"
"nsrR","hycH"
"nsrR","hycI"
"nsrR","hypA"
"nsrR","hypB"
"nsrR","hypC"
"nsrR","hypD"
"nsrR","hypE"
"nsrR","ihfA"
"nsrR","infC"
"nsrR","lrp"
"nsrR","mhpT"
"nsrR","ndh"
"nsrR","norR"
"nsrR","nrfA"
"nsrR","nrfB"
"nsrR","nrfC"
"nsrR","nrfD"
"nsrR","nrfE"
"nsrR","nrfF"
"nsrR","nrfG"
"nsrR","pgpC"
"nsrR","pheM"
"nsrR","pheS"
"nsrR","pheT"
"nsrR","rfe"
"nsrR","rffC"
"nsrR","rffG"
"nsrR","rffH"
"nsrR","rffM"
"nsrR","rplT"
"nsrR","rpmI"
"nsrR","sodB"
"nsrR","sufA"
"nsrR","sufB"
"nsrR","sufC"
"nsrR","sufE"
"nsrR","sufS"
"nsrR","tadA"
"nsrR","tehA"
"nsrR","tehB"
"nsrR","thrS"
"nsrR","tsgA"
"nsrR","wzxE"
"nsrR","wzyE"
"nsrR","wzzE"
"nsrR","ydbD"
"nsrR","yeaE"
"nsrR","yeaR"
"nsrR","ygbA"
"nsrR","yoaG"
"nsrR","ytfE"
"ompR","bolA"
"ompR","csgD"
"ompR","csgE"
"ompR","csgF"
"ompR","csgG"
"ompR","fadL"
"ompR","flhC"
"ompR","flhD"
"ompR","nmpC"
"ompR","ompC"
"ompR","ompF"
"ompR","sra"
"oxyR","ahpC"
"oxyR","ahpF"
"oxyR","dps"
"oxyR","dsbG"
"oxyR","fhuF"
"oxyR","flu"
"oxyR","fur"
"oxyR","glyU"
"oxyR","gntP"
"oxyR","gor"
"oxyR","grxA"
"oxyR","hcp"
"oxyR","hcr"
"oxyR","hemH"
"oxyR","katG"
"oxyR","mntH"
"oxyR","nfsA"
"oxyR","rimK"
"oxyR","sufA"
"oxyR","sufB"
"oxyR","sufC"
"oxyR","sufE"
"oxyR","sufS"
"oxyR","trxC"
"oxyR","uxuA"
"oxyR","uxuB"
"oxyR","ybjC"
"oxyR","ybjN"
"paaX","paaA"
"paaX","paaB"
"paaX","paaC"
"paaX","paaD"
"paaX","paaE"
"paaX","paaF"
"paaX","paaG"
"paaX","paaH"
"paaX","paaI"
"paaX","paaJ"
"paaX","paaK"
"paaX","paaZ"
"pdhR","aceE"
"pdhR","aceF"
"pdhR","cyoA"
"pdhR","cyoB"
"pdhR","cyoC"
"pdhR","cyoD"
"pdhR","cyoE"
"pdhR","ddlB"
"pdhR","fecA"
"pdhR","fecB"
"pdhR","fecC"
"pdhR","fecD"
"pdhR","fecE"
"pdhR","ftsA"
"pdhR","ftsI"
"pdhR","ftsL"
"pdhR","ftsQ"
"pdhR","ftsW"
"pdhR","ftsZ"
"pdhR","glcA"
"pdhR","glcB"
"pdhR","glcD"
"pdhR","glcF"
"pdhR","glcG"
"pdhR","grcA"
"pdhR","hemL"
"pdhR","hha"
"pdhR","lipA"
"pdhR","lpd"
"pdhR","lpxC"
"pdhR","mraY"
"pdhR","mraZ"
"pdhR","murC"
"pdhR","murD"
"pdhR","murE"
"pdhR","murF"
"pdhR","murG"
"pdhR","ndh"
"pdhR","rsmH"
"pdhR","tomB"
"pepA","carA"
"pepA","carB"
"phoB","amn"
"phoB","argP"
"phoB","asr"
"phoB","eda"
"phoB","phnC"
"phoB","phnD"
"phoB","phnF"
"phoB","phnG"
"phoB","phnH"
"phoB","phnI"
"phoB","phnJ"
"phoB","phnK"
"phoB","phnL"
"phoB","phnM"
"phoB","phnN"
"phoB","phnO"
"phoB","phnP"
"phoB","phoA"
"phoB","phoE"
"phoB","phoH"
"phoB","phoR"
"phoB","phoU"
"phoB","pitB"
"phoB","psiE"
"phoB","psiF"
"phoB","pstA"
"phoB","pstB"
"phoB","pstC"
"phoB","pstS"
"phoB","ugpA"
"phoB","ugpB"
"phoB","ugpC"
"phoB","ugpE"
"phoB","ugpQ"
"phoP","acrA"
"phoP","acrB"
"phoP","argD"
"phoP","borD"
"phoP","cysB"
"phoP","dcuD"
"phoP","fadL"
"phoP","gadE"
"phoP","gadW"
"phoP","glgA"
"phoP","glgB"
"phoP","glgC"
"phoP","glgP"
"phoP","glgX"
"phoP","hdeA"
"phoP","hdeB"
"phoP","hdeD"
"phoP","hemL"
"phoP","iraM"
"phoP","malS"
"phoP","metB"
"phoP","metL"
"phoP","mgrB"
"phoP","mgtA"
"phoP","nagA"
"phoP","ompT"
"phoP","pagP"
"phoP","phoQ"
"phoP","purD"
"phoP","purH"
"phoP","rstA"
"phoP","rstB"
"phoP","rutA"
"phoP","rutB"
"phoP","rutC"
"phoP","rutD"
"phoP","rutE"
"phoP","rutF"
"phoP","rutG"
"phoP","safA"
"phoP","slyB"
"phoP","tolC"
"phoP","treR"
"phoP","ybjG"
"phoP","ydeO"
"phoP","ydeP"
"phoP","ygiA"
"phoP","ygiB"
"phoP","ygiC"
"phoP","yhiD"
"phoP","yrbL"
"prpR","prpB"
"prpR","prpC"
"prpR","prpD"
"prpR","prpE"
"pspF","pspA"
"pspF","pspB"
"pspF","pspC"
"pspF","pspD"
"pspF","pspE"
"pspF","pspG"
"purR","carA"
"purR","carB"
"purR","codA"
"purR","codB"
"purR","cvpA"
"purR","gcvH"
"purR","gcvP"
"purR","gcvT"
"purR","glnB"
"purR","glyA"
"purR","guaA"
"purR","guaB"
"purR","hflD"
"purR","prs"
"purR","purA"
"purR","purB"
"purR","purC"
"purR","purD"
"purR","purE"
"purR","purF"
"purR","purH"
"purR","purK"
"purR","purL"
"purR","purM"
"purR","purN"
"purR","pyrC"
"purR","pyrD"
"purR","speA"
"purR","speB"
"purR","ubiX"
"putA","putP"
"qseB","flhC"
"qseB","flhD"
"qseB","qseC"
"rbsR","rbsA"
"rbsR","rbsB"
"rbsR","rbsC"
"rbsR","rbsD"
"rbsR","rbsK"
"rcnR","rcnA"
"rcnR","rcnB"
"relB","hokD"
"relB","relE"
"rhaR","rhaS"
"rhaS","rhaA"
"rhaS","rhaB"
"rhaS","rhaD"
"rhaS","rhaT"
"rob","acnA"
"rob","acrA"
"rob","acrB"
"rob","aslB"
"rob","fumC"
"rob","inaA"
"rob","marA"
"rob","marB"
"rob","marR"
"rob","mltF"
"rob","nfo"
"rob","nfsA"
"rob","nfsB"
"rob","rimK"
"rob","sodA"
"rob","tolC"
"rob","ybjC"
"rob","ybjN"
"rob","ygiA"
"rob","ygiB"
"rob","ygiC"
"rob","zwf"
"rstA","asr"
"rstA","csgD"
"rstA","csgE"
"rstA","csgF"
"rstA","csgG"
"rstA","narG"
"rstA","narH"
"rstA","narI"
"rstA","narJ"
"rstA","ompF"
"rtcR","rtcA"
"rtcR","rtcB"
"rutR","carA"
"rutR","carB"
"rutR","fepB"
"rutR","gadW"
"rutR","gadX"
"rutR","nemA"
"rutR","nemR"
"rutR","rutA"
"rutR","rutB"
"rutR","rutC"
"rutR","rutD"
"rutR","rutE"
"rutR","rutF"
"rutR","rutG"
"sdiA","ftsA"
"sdiA","ftsQ"
"sdiA","ftsZ"
"sdiA","gadW"
"sgrR","alaC"
"sgrR","setA"
"sgrR","thiP"
"sgrR","thiQ"
"slyA","hlyE"
"soxR","fumC"
"soxR","soxS"
"soxS","acnA"
"soxS","acrA"
"soxS","acrB"
"soxS","fldA"
"soxS","fldB"
"soxS","fpr"
"soxS","fumC"
"soxS","inaA"
"soxS","marA"
"soxS","marB"
"soxS","marR"
"soxS","nfo"
"soxS","nfsA"
"soxS","nfsB"
"soxS","pgi"
"soxS","poxB"
"soxS","pqiA"
"soxS","pqiB"
"soxS","ptsG"
"soxS","ribA"
"soxS","rimK"
"soxS","rob"
"soxS","sodA"
"soxS","tolC"
"soxS","waaY"
"soxS","ybjC"
"soxS","ybjN"
"soxS","ygiA"
"soxS","ygiB"
"soxS","ygiC"
"soxS","zinT"
"soxS","zwf"
"srlR","gutQ"
"srlR","srlA"
"srlR","srlB"
"srlR","srlD"
"srlR","srlE"
"stpA","bglB"
"stpA","bglF"
"stpA","bglG"
"stpA","leuO"
"tdcA","tdcB"
"tdcA","tdcC"
"tdcA","tdcD"
"tdcA","tdcE"
"tdcA","tdcF"
"tdcR","tdcA"
"tdcR","tdcB"
"tdcR","tdcC"
"tdcR","tdcD"
"tdcR","tdcE"
"tdcR","tdcF"
"torR","gadA"
"torR","gadX"
"torR","hdeA"
"torR","hdeB"
"torR","tnaA"
"torR","tnaB"
"torR","tnaC"
"torR","torA"
"torR","torC"
"torR","torD"
"torR","yhiD"
"treR","treB"
"treR","treC"
"trpR","aroH"
"trpR","aroL"
"trpR","aroM"
"trpR","mtr"
"trpR","trpA"
"trpR","trpB"
"trpR","trpC"
"trpR","trpD"
"trpR","trpE"
"trpR","trpL"
"trpR","yaiA"
"ttdR","ttdA"
"ttdR","ttdB"
"ttdR","ttdT"
"tyrR","aroF"
"tyrR","aroG"
"tyrR","aroL"
"tyrR","aroM"
"tyrR","aroP"
"tyrR","folA"
"tyrR","mtr"
"tyrR","tyrA"
"tyrR","tyrB"
"tyrR","tyrP"
"tyrR","yaiA"
"uhpA","uhpT"
"uidR","uidA"
"uidR","uidB"
"uidR","uidC"
"ulaR","ulaA"
"ulaR","ulaB"
"ulaR","ulaC"
"ulaR","ulaD"
"ulaR","ulaE"
"ulaR","ulaF"
"ulaR","ulaG"
"uxuR","gntP"
"uxuR","uidA"
"uxuR","uidB"
"uxuR","uidC"
"uxuR","uxuA"
"uxuR","uxuB"
"xapR","xapA"
"xapR","xapB"
"xylR","xylA"
"xylR","xylB"
"xylR","xylF"
"xylR","xylG"
"xylR","xylH"
"ydeO","mdtE"
"ydeO","mdtF"
"ydeO","safA"
"yqhC","dkgA"
"yqhC","yqhD"
"zntR","zntA"
"zraR","zraP"
"zraR","zraS"
"zur","ykgM"
"zur","zinT"
"zur","znuA"
"zur","znuB"
"zur","znuC"
