"","id","name"
"1","b2551","glyA"
"2","b0870","ltaE"
"3","b3368","cysG"
"4","b2436","hemF"
"5","b0008","talB"
"6","b3500","gor"
"7","b2465","tktB"
"8","b0945","pyrD"
"9","b4467","glcF"
"10","b3126","garL"
"11","b4468","glcE"
"12","b2979","glcD"
"13","b3916","pfkA"
"14","b1095","fabF"
"15","b1054","lpxL"
"16","b1855","lpxM"
"17","b1260","trpA"
"18","b2378","lpxP"
"19","b0109","nadC"
"20","b1094","acpP"
"21","b2836","aas"
"22","b2472","dapE"
"23","b2935","tktA"
"24","b1261","trpB"
"25","b3426","glpD"
"26","b2242","glpB"
"27","b2243","glpC"
"28","b2241","glpA"
"29","b4054","tyrB"
"30","b3770","ilvE"
"31","b3281","aroE"
"32","b1692","ydiB"
"33","b0243","proA"
"34","b1590","ynfH"
"35","b1613","manA"
"36","b0414","ribD"
"37","b0894","dmsA"
"38","b1588","ynfF"
"39","b1587","ynfE"
"40","b0896","dmsC"
"41","b1589","ynfG"
"42","b0895","dmsB"
"43","b3041","ribB"
"44","b0025","ribF"
"45","b3553","ghrB"
"46","b0678","nagB"
"47","b0844","ybjI"
"48","b0446","cof"
"49","b1478","adhP"
"50","b0638","cobC"
"51","b3812","yigB"
"52","b1662","ribC"
"53","b3399","yrfG"
"54","b0421","ispA"
"55","b3804","hemD"
"56","b0469","apt"
"57","b3997","hemE"
"58","b4382","deoA"
"59","b3187","ispB"
"60","b3222","nanK"
"61","b3225","nanA"
"62","b0126","can"
"63","b4269","ahr"
"64","b0339","cynT"
"65","b3942","katG"
"66","b4006","purH"
"67","b1732","katE"
"68","b0493","ybbO"
"69","b2508","guaB"
"70","b3846","fadB"
"71","b3588","aldB"
"72","b0586","entF"
"73","b2341","fadJ"
"74","b3794","wecG"
"75","b2400","gltX"
"76","b3003","yghA"
"77","b3993","thiE"
"78","b3011","yqhD"
"79","b3693","dgoK"
"80","b2066","udk"
"81","b2901","bglA"
"82","b0238","gpt"
"83","b2716","ascB"
"84","b3903","rhaA"
"85","b0125","hpt"
"86","b0474","adk"
"87","b2411","ligA"
"88","b3721","bglB"
"89","b2518","ndk"
"90","b1062","pyrC"
"91","b3416","malQ"
"92","b3996","nudC"
"93","b1281","pyrF"
"94","b4390","nadR"
"95","b0639","nadD"
"96","b0720","gltA"
"97","b1398","paaK"
"98","b1136","icd"
"99","b0049","apaH"
"100","b2103","thiD"
"101","b1241","adhE"
"102","b2418","pdxK"
"103","b0351","mhpF"
"104","b3831","udp"
"105","b3784","wecA"
"106","b4481","wecF"
"107","b4069","acs"
"108","b3052","hldE"
"109","b2502","ppx"
"110","b4384","deoD"
"111","b4226","ppa"
"112","b3073","patA"
"113","b1896","otsA"
"114","b2744","umpG"
"115","b0841","ybjG"
"116","b3403","pck"
"117","b1278","pgpB"
"118","b3708","tnaA"
"119","b3008","metC"
"120","b1479","maeA"
"121","b1190","dadX"
"122","b3614","yibQ"
"123","b3057","bacA"
"124","b4053","alr"
"125","b2379","alaC"
"126","b3519","treF"
"127","b2290","alaA"
"128","b0910","cmk"
"129","b1134","nudJ"
"130","b3564","xylB"
"131","b3642","pyrE"
"132","b0063","araB"
"133","b0415","ribE"
"134","b3648","gmk"
"135","b3752","rbsK"
"136","b2221","atoD"
"137","b3771","ilvD"
"138","b3926","glpK"
"139","b2293","yfbT"
"140","b2222","atoA"
"141","b4383","deoB"
"142","b0928","aspC"
"143","b1694","ydiF"
"144","b3885","yihX"
"145","b2930","yggF"
"146","b2579","grcA"
"147","b4232","fbp"
"148","b3114","tdcE"
"149","b2039","rfbA"
"150","b3697","yidA"
"151","b3789","rffH"
"152","b2041","rfbB"
"153","b3925","glpX"
"154","b3788","rffG"
"155","b3952","pflC"
"156","b3430","glgC"
"157","b2036","glf"
"158","b2038","rfbC"
"159","b1854","pykA"
"160","b2040","rfbD"
"161","b0902","pflA"
"162","b1676","pykF"
"163","b0903","pflB"
"164","b0512","allB"
"165","b2708","srlQ"
"166","b3951","pflD"
"167","b3197","kdsD"
"168","b4152","frdC"
"169","b3972","murB"
"170","b0071","leuD"
"171","b4153","frdB"
"172","b4154","frdA"
"173","b0072","leuC"
"174","b4151","frdD"
"175","b0077","ilvI"
"176","b0871","poxB"
"177","b0078","ilvH"
"178","b3671","ilvB"
"179","b2297","pta"
"180","b3670","ilvN"
"181","b0908","aroA"
"182","b1263","trpD"
"183","b2458","eutD"
"184","b3115","tdcD"
"185","b1264","trpE"
"186","b2599","pheA"
"187","b1849","purT"
"188","b2296","ackA"
"189","b2600","tyrA"
"190","b2329","aroC"
"191","b3633","waaA"
"192","b1262","trpC"
"193","b2779","eno"
"194","b0174","ispU"
"195","b2925","fbaA"
"196","b2097","fbaB"
"197","b0524","lpxH"
"198","b0963","mgsA"
"199","b0182","lpxB"
"200","b1702","ppsA"
"201","b4025","pgi"
"202","b0915","lpxK"
"203","b2926","pgk"
"204","b2781","mazG"
"205","b1850","eda"
"206","b0099","mutT"
"207","s0001",""
"208","b0767","pgl"
"209","b3386","rpe"
"210","b3617","kbl"
"211","b0160","dgt"
"212","b0073","leuB"
"213","b2464","talA"
"214","b2026","hisI"
"215","b1800","dmlA"
"216","b0523","purE"
"217","b1131","purB"
"218","b0030","rihC"
"219","b0200","gmhB"
"220","b2024","hisA"
"221","b0222","gmhA"
"222","b3607","cysE"
"223","b2407","xapA"
"224","b0038","caiB"
"225","b2421","cysM"
"226","b2235","nrdB"
"227","b2414","cysK"
"228","b4214","cysQ"
"229","b3781","trxA"
"230","b0036","caiD"
"231","b3844","fre"
"232","b2762","cysH"
"233","b2582","trxC"
"234","b2234","nrdA"
"235","b4024","lysC"
"236","b2784","relA"
"237","b0002","thrA"
"238","b2827","thyA"
"239","b3940","metL"
"240","b2431","yfeX"
"241","b3433","asd"
"242","b1019","efeB"
"243","b1238","tdk"
"244","b3639","dfp"
"245","b2838","lysA"
"246","b1232","purU"
"247","b0475","hemH"
"248","b4040","ubiA"
"249","b3974","coaA"
"250","b0103","coaE"
"251","b1851","edd"
"252","b1693","aroD"
"253","b4146","epmB"
"254","b2942","metK"
"255","b2104","thiM"
"256","b4192","ulaG"
"257","b1215","kdsA"
"258","b1004","wrbA"
"259","b3713","chrR"
"260","b1993","cobU"
"261","b1109","ndh"
"262","b3198","kdsC"
"263","b1992","cobS"
"264","b1747","astA"
"265","b0417","thiL"
"266","b1744","astE"
"267","b0046","kefF"
"268","b0348","mhpB"
"269","b0349","mhpC"
"270","b0340","cynS"
"271","b3124","garK"
"272","b3236","mdh"
"273","b0583","entD"
"274","b1612","fumA"
"275","b1611","fumC"
"276","b2988","gss"
"277","b0732","mngB"
"278","b2883","guaD"
"279","b0517","allD"
"280","b1098","tmk"
"281","b4122","fumB"
"282","b0521","ybcF"
"283","b3223","nanE"
"284","b1638","pdxH"
"285","b0888","trxB"
"286","b2428","murQ"
"287","b0907","serC"
"288","b0651","rihA"
"289","b1210","hemA"
"290","b0688","pgm"
"291","b2162","rihB"
"292","b1317","ycjU"
"293","b3429","glgA"
"294","b0522","purK"
"295","b3428","glgP"
"296","b1779","gapA"
"297","b3417","malP"
"298","b2690","yqaB"
"299","b2388","glk"
"300","b2029","gnd"
"301","b2168","fruK"
"302","b0428","cyoE"
"303","b0368","tauD"
"304","b0120","speD"
"305","b2687","luxS"
"306","b2937","speB"
"307","b2463","maeB"
"308","b3960","argH"
"309","b4117","adiA"
"310","b4196","ulaD"
"311","b0033","carB"
"312","b3581","sgbH"
"313","b0032","carA"
"314","b3172","argG"
"315","b3582","sgbU"
"316","b0242","proB"
"317","b0074","leuA"
"318","b3958","argC"
"319","b4197","ulaE"
"320","b1091","fabH"
"321","b0121","speE"
"322","b3908","sodA"
"323","b0154","hemL"
"324","b0918","kdsB"
"325","b3575","yiaK"
"326","b1656","sodB"
"327","b0312","betB"
"328","b0159","mtn"
"329","b4322","uxuA"
"330","b1106","thiK"
"331","b3091","uxaA"
"332","b0403","malZ"
"333","b0207","dkgB"
"334","b1759","nudG"
"335","b3012","dkgA"
"336","b3092","uxaC"
"337","b3176","glmM"
"338","b2251","nudI"
"339","b3730","glmU"
"340","b3189","murA"
"341","b3962","sthA"
"342","b0905","ycaO"
"343","b0937","ssuE"
"344","b3967","murI"
"345","b3248","yhdE"
"346","b3786","wecB"
"347","b2763","cysI"
"348","b0386","proC"
"349","b2764","cysJ"
"350","b2323","fabB"
"351","b2521","sseA"
"352","b2668","ygaP"
"353","b2232","ubiG"
"354","b2563","acpS"
"355","b3475","acpT"
"356","b3425","glpE"
"357","b2053","gmd"
"358","b2507","guaA"
"359","b0593","entC"
"360","b2920","scpC"
"361","b0142","folK"
"362","b3634","coaD"
"363","b1982","amn"
"364","b2143","cdd"
"365","b0394","mak"
"366","b0778","bioD"
"367","b0173","dxr"
"368","b1812","pabB"
"369","b2065","dcd"
"370","b3360","pabA"
"371","b3843","ubiD"
"372","b0477","gsk"
"373","b2478","dapA"
"374","b1096","pabC"
"375","b4039","ubiC"
"376","b0337","codA"
"377","b1302","puuE"
"378","b3729","glmS"
"379","b2662","gabT"
"380","b1200","dhaK"
"381","b2688","gshA"
"382","b2415","ptsH"
"383","b0485","glsA"
"384","b1199","dhaL"
"385","b2416","ptsI"
"386","b1525","sad"
"387","b1524","glsB"
"388","b4139","aspA"
"389","b2312","purF"
"390","b1198","dhaM"
"391","b0104","guaC"
"392","b0171","pyrH"
"393","b2797","sdaB"
"394","b1740","nadE"
"395","b4477","dgoA"
"396","b3366","nirD"
"397","b3117","tdcB"
"398","b3365","nirB"
"399","b0273","argF"
"400","b1814","sdaA"
"401","b4471","tdcG"
"402","b2498","upp"
"403","b2780","pyrG"
"404","b4254","argI"
"405","b3616","tdh"
"406","b3589","yiaY"
"407","b2500","purN"
"408","b0087","mraY"
"409","b3449","ugpQ"
"410","b0090","murG"
"411","b3774","ilvC"
"412","b2316","accD"
"413","b0331","prpB"
"414","b3255","accB"
"415","b0185","accA"
"416","b3946","fsaB"
"417","b2210","mqo"
"418","b1746","astD"
"419","b3256","accC"
"420","b0052","pdxA"
"421","b0825","fsaA"
"422","b2564","pdxJ"
"423","b3619","hldD"
"424","b2615","nadK"
"425","b0369","hemB"
"426","b4267","idnD"
"427","b4005","purD"
"428","b2265","menF"
"429","b2557","purL"
"430","b1033","ghrA"
"431","b2440","eutC"
"432","b3957","argE"
"433","b2261","menC"
"434","b2441","eutB"
"435","b0596","entA"
"436","b0595","entB"
"437","b2049","cpsB"
"438","b3583","sgbE"
"439","b1623","add"
"440","b3806","cyaA"
"441","b0061","araD"
"442","b3665","adeD"
"443","b2533","suhB"
"444","b4198","ulaF"
"445","b4177","purA"
"446","b0333","prpC"
"447","b4374","yjjG"
"448","b4161","rsgA"
"449","b0675","umpH"
"450","b0677","nagA"
"451","b3590","selB"
"452","b2361","yfdR"
"453","b2918","argK"
"454","b2291","yfbR"
"455","b1767","ansA"
"456","b2727","hypB"
"457","b0828","iaaA"
"458","b1651","gloA"
"459","b2173","yeiR"
"460","b0766","ybhA"
"461","b3744","asnA"
"462","b4352","yjiA"
"463","b0674","asnB"
"464","b3826","yigL"
"465","b4173","hflX"
"466","b4244","pyrI"
"467","b4245","pyrB"
"468","b1852","zwf"
"469","b0029","ispH"
"470","b0758","galT"
"471","b0134","panB"
"472","b0420","dxs"
"473","b1092","fabD"
"474","b3809","dapF"
"475","b2028","ugd"
"476","b0031","dapB"
"477","b2788","gudX"
"478","b0003","thrB"
"479","b1208","ispE"
"480","b2787","gudD"
"481","b1748","astC"
"482","b2746","ispF"
"483","b3791","wecE"
"484","b3787","wecC"
"485","b1415","aldA"
"486","b3526","kdgK"
"487","b3359","argD"
"488","b0004","thrC"
"489","b4013","metA"
"490","b1493","gadB"
"491","b2601","aroF"
"492","b3565","xylA"
"493","b3517","gadA"
"494","b2048","cpsG"
"495","b3551","bisC"
"496","b0754","aroG"
"497","b1704","aroH"
"498","b2700","pncC"
"499","b4015","aceA"
"500","b2750","cysC"
"501","b2904","gcvH"
"502","b0116","lpd"
"503","b2905","gcvT"
"504","b1768","pncA"
"505","b1014","putA"
"506","b1622","malY"
"507","b1584","speG"
"508","b2903","gcvP"
"509","b3939","metB"
"510","b3790","wecD"
"511","b2661","gabD"
"512","b4014","aceB"
"513","b0261","mmuM"
"514","b0759","galE"
"515","b0241","phoE"
"516","b0929","ompF"
"517","b2976","glcB"
"518","b1377","ompN"
"519","b1897","otsB"
"520","b3034","nudF"
"521","b0344","lacZ"
"522","b4239","treC"
"523","b2215","ompC"
"524","b3956","ppc"
"525","b3397","nudE"
"526","b0062","araA"
"527","b0411","tsx"
"528","b0957","ompA"
"529","b3600","mtlD"
"530","b0822","ybiV"
"531","b1319","ompG"
"532","b2540","hcaC"
"533","b3608","gpsA"
"534","b3875","ompL"
"535","b4119","melA"
"536","b2538","hcaE"
"537","b2539","hcaF"
"538","b1701","fadK"
"539","b2542","hcaD"
"540","b2802","fucI"
"541","b1805","fadD"
"542","b2803","fucK"
"543","b2800","fucA"
"544","b2541","hcaB"
"545","b1646","sodC"
"546","b0616","citE"
"547","b2738","ygbL"
"548","b2206","napA"
"549","b0617","citD"
"550","b2203","napB"
"551","b0614","citX"
"552","b0335","prpE"
"553","b2204","napH"
"554","b1236","galU"
"555","b0615","citF"
"556","b2205","napG"
"557","b2052","wcaG"
"558","b2202","napC"
"559","b1636","pdxY"
"560","b0179","lpxD"
"561","b0980","appA"
"562","b0085","murE"
"563","b0091","murC"
"564","b1277","ribA"
"565","b0383","phoA"
"566","b0088","murD"
"567","b1465","narV"
"568","b2752","cysD"
"569","b2751","cysN"
"570","b2799","fucO"
"571","b0505","allA"
"572","b1226","narJ"
"573","b1466","narW"
"574","b0350","mhpD"
"575","b0352","mhpE"
"576","b3902","rhaD"
"577","b1224","narG"
"578","b0347","mhpA"
"579","b0726","sucA"
"580","b1468","narZ"
"581","b0727","sucB"
"582","b2705","srlD"
"583","b1227","narI"
"584","b3945","gldA"
"585","b1467","narY"
"586","b0131","panD"
"587","b2091","gatD"
"588","b1225","narH"
"589","b0086","murF"
"590","b1602","pntB"
"591","b3137","kbaY"
"592","b1603","pntA"
"593","b2096","gatY"
"594","b3132","kbaZ"
"595","b0096","lpxC"
"596","b0181","lpxA"
"597","b0997","torA"
"598","b2095","gatZ"
"599","b4323","uxuB"
"600","b1873","torY"
"601","b1521","uxaB"
"602","b3385","gph"
"603","b2019","hisG"
"604","b2020","hisD"
"605","b1872","torZ"
"606","b2022","hisB"
"607","b0507","gcl"
"608","b0996","torC"
"609","b3061","ttdA"
"610","b1207","prs"
"611","b2342","fadI"
"612","b3062","ttdB"
"613","b3845","fadA"
"614","b4388","serB"
"615","b3709","tnaB"
"616","b3528","dctA"
"617","b1907","tyrP"
"618","b4111","proP"
"619","b0010","satP"
"620","b3566","xylF"
"621","b4138","dcuA"
"622","b4123","dcuB"
"623","b3567","xylG"
"624","b1386","tynA"
"625","b0621","dcuC"
"626","b4071","nrfB"
"627","b3568","xylH"
"628","b3578","yiaN"
"629","b2417","crr"
"630","b3579","yiaO"
"631","b4073","nrfD"
"632","b2429","murP"
"633","b4072","nrfC"
"634","b3577","yiaM"
"635","b2422","cysA"
"636","b3089","sstT"
"637","b4070","nrfA"
"638","b2425","cysP"
"639","b0763","modA"
"640","b3917","sbp"
"641","b3679","yidK"
"642","b2153","folE"
"643","b0764","modB"
"644","b0935","ssuD"
"645","b2423","cysW"
"646","b0153","fhuB"
"647","b0765","modC"
"648","b0152","fhuD"
"649","b2424","cysU"
"650","b0151","fhuC"
"651","b0110","ampD"
"652","b3063","ttdT"
"653","b1463","nhoA"
"654","b1711","btuC"
"655","b1709","btuD"
"656","b2913","serA"
"657","b0158","btuF"
"658","b2223","atoE"
"659","b4219","msrA"
"660","b0367","tauC"
"661","b1832","msrC"
"662","b0365","tauA"
"663","b1101","ptsG"
"664","b0366","tauB"
"665","b0679","nagE"
"666","b2393","nupC"
"667","b1818","manY"
"668","b1817","manX"
"669","b1778","msrB"
"670","b2964","nupG"
"671","b2871","ygeX"
"672","b1819","manZ"
"673","b3224","nanT"
"674","b3849","trkH"
"675","b0932","pepN"
"676","b3747","kup"
"677","b0311","betA"
"678","b3290","trkA"
"679","b4381","deoC"
"680","b2523","pepB"
"681","b1291","sapD"
"682","b0590","fepD"
"683","b0588","fepC"
"684","b4260","pepA"
"685","b1363","trkG"
"686","b0237","pepD"
"687","b0592","fepB"
"688","b0589","fepG"
"689","b1250","kch"
"690","b2841","araE"
"691","b2132","bglX"
"692","b2587","kgtP"
"693","b2239","glpQ"
"694","b4031","xylE"
"695","b4169","amiB"
"696","b2435","amiA"
"697","b2308","hisQ"
"698","b2310","argT"
"699","b0068","thiB"
"700","b0862","artQ"
"701","b0067","thiP"
"702","b0863","artI"
"703","b2817","amiC"
"704","b0066","thiQ"
"705","b0864","artP"
"706","b0867","amiD"
"707","b2406","xapB"
"708","b1654","grxD"
"709","b0860","artJ"
"710","b3460","livJ"
"711","b2306","hisP"
"712","b0861","artM"
"713","b2307","hisM"
"714","b3610","grxC"
"715","b3456","livM"
"716","b2675","nrdE"
"717","b3455","livG"
"718","b2676","nrdF"
"719","b4115","adiC"
"720","b3454","livF"
"721","b4193","ulaA"
"722","b0849","grxA"
"723","b3457","livH"
"724","b4194","ulaB"
"725","b4195","ulaC"
"726","b4240","treB"
"727","b1064","grxB"
"728","b3161","mtr"
"729","b1453","ansP"
"730","b0112","aroP"
"731","b0653","gltK"
"732","b3336","bfr"
"733","b3805","hemC"
"734","b0123","cueO"
"735","b1192","ldcA"
"736","b0655","gltI"
"737","b3904","rhaB"
"738","b0654","gltJ"
"739","b2482","hyfB"
"740","b0652","gltL"
"741","b4077","gltP"
"742","b1270","btuR"
"743","b2484","hyfD"
"744","b4055","aphA"
"745","b0480","ushA"
"746","b2180","yejF"
"747","b2179","yejE"
"748","b2488","hyfH"
"749","b1246","oppD"
"750","b1243","oppA"
"751","b2789","gudP"
"752","b3127","garP"
"753","b2723","hycC"
"754","b1244","oppB"
"755","b2485","hyfE"
"756","b1247","oppF"
"757","b2483","hyfC"
"758","b2177","yejA"
"759","b2943","galP"
"760","b2724","hycB"
"761","b2663","gabP"
"762","b2178","yejB"
"763","b2721","hycE"
"764","b2490","hyfJ"
"765","b2719","hycG"
"766","b1329","mppA"
"767","b1917","yecC"
"768","b1245","oppC"
"769","b4079","fdhF"
"770","b1920","fliY"
"771","b2481","hyfA"
"772","b1918","yecS"
"773","b0433","ampG"
"774","b2486","hyfF"
"775","b2703","srlE"
"776","b2722","hycD"
"777","b2702","srlA"
"778","b4367","fhuF"
"779","b2720","hycF"
"780","b2704","srlB"
"781","b2487","hyfG"
"782","b1197","treA"
"783","b0574","cusB"
"784","b2489","hyfI"
"785","b2747","ispD"
"786","b0573","cusF"
"787","b4515","cydX"
"788","b3213","gltD"
"789","b0733","cydA"
"790","b0575","cusA"
"791","b0572","cusC"
"792","b1761","gdhA"
"793","b3212","gltB"
"794","b3915","fieF"
"795","b0978","cbdA"
"796","b0186","ldcC"
"797","b0734","cydB"
"798","b0752","zitB"
"799","b4131","cadA"
"800","b0979","cbdB"
"801","b1189","dadA"
"802","b3739","atpI"
"803","b1858","znuC"
"804","b2888","uacT"
"805","b1859","znuB"
"806","b1857","znuA"
"807","b3731","atpC"
"808","b3736","atpF"
"809","b2882","xanQ"
"810","b3732","atpD"
"811","b3453","ugpB"
"812","b3738","atpB"
"813","b3733","atpG"
"814","b1981","shiA"
"815","b3450","ugpC"
"816","b2392","mntH"
"817","b3737","atpE"
"818","b3451","ugpE"
"819","b3735","atpH"
"820","b3452","ugpA"
"821","b3734","atpA"
"822","b2536","hcaT"
"823","b4067","actP"
"824","b0452","tesB"
"825","b0212","gloB"
"826","b1927","amyA"
"827","b3779","gpp"
"828","b3571","malS"
"829","b3654","xanP"
"830","b2868","xdhC"
"831","b3714","adeP"
"832","b3650","spoT"
"833","b2867","xdhB"
"834","b2344","fadL"
"835","b3664","adeQ"
"836","b2866","xdhA"
"837","b4213","cpdB"
"838","b4311","nanC"
"839","b1059","solA"
"840","b4088","alsB"
"841","b1991","cobT"
"842","b4087","alsA"
"843","b3502","arsB"
"844","b4086","alsC"
"845","b0511","ybbW"
"846","b1900","araG"
"847","b1727","yniC"
"848","b3580","lyxK"
"849","b1444","patD"
"850","b2051","wcaH"
"851","b4460","araH"
"852","b1901","araF"
"853","b4265","idnT"
"854","b2927","epd"
"855","b2023","hisH"
"856","b0837","yliI"
"857","b2025","hisF"
"858","b3266","acrF"
"859","b3640","dut"
"860","b3265","acrE"
"861","b0124","gcd"
"862","b0425","panE"
"863","b3907","rhaT"
"864","b3772","ilvA"
"865","b4242","mgtA"
"866","b4064","ghxP"
"867","b0931","pncB"
"868","b4464","ghxQ"
"869","b1764","selD"
"870","b0974","hyaC"
"871","b3479","nikD"
"872","b2150","mglB"
"873","b3477","nikB"
"874","b3476","nikA"
"875","b2149","mglA"
"876","b3480","nikE"
"877","b3478","nikC"
"878","b2997","hybO"
"879","b0973","hyaB"
"880","b2148","mglC"
"881","b2995","hybB"
"882","b1640","anmK"
"883","b2994","hybC"
"884","b4094","phnN"
"885","b0048","folA"
"886","b4513","kdpF"
"887","b0972","hyaA"
"888","b2996","hybA"
"889","b1606","folM"
"890","b0696","kdpC"
"891","b3390","aroK"
"892","b0698","kdpA"
"893","b0697","kdpB"
"894","b4287","fecE"
"895","b0388","aroL"
"896","b4289","fecC"
"897","b3458","livK"
"898","b1745","astB"
"899","b2975","glcA"
"900","b4288","fecD"
"901","b0114","aceE"
"902","b4290","fecB"
"903","b1252","tonB"
"904","b3603","lldP"
"905","b0115","aceF"
"906","b3128","garD"
"907","b3006","exbB"
"908","b2255","arnA"
"909","b3005","exbD"
"910","b1102","fhuE"
"911","b4034","malE"
"912","b4035","malK"
"913","b0774","bioA"
"914","b4032","malG"
"915","b4033","malF"
"916","b2315","folC"
"917","b1605","ydgI"
"918","b0612","citT"
"919","b3666","uhpT"
"920","b0040","caiT"
"921","b2818","argA"
"922","b0731","mngA"
"923","b1489","dosP"
"924","b0343","lacY"
"925","b4120","melB"
"926","b2130","yehY"
"927","b2131","osmF"
"928","b2128","yehW"
"929","b3032","cpdA"
"930","b0197","metQ"
"931","b0199","metN"
"932","b0334","prpD"
"933","b0198","metI"
"934","b2129","yehX"
"935","b0092","ddlB"
"936","b0381","ddlA"
"937","b3409","feoB"
"938","b1297","puuA"
"939","b1738","chbB"
"940","b2933","cmtA"
"941","b2169","fruB"
"942","b2715","ascF"
"943","b2167","fruA"
"944","b1736","chbA"
"945","b2801","fucP"
"946","b3599","mtlA"
"947","b2934","cmtB"
"948","b0584","fepA"
"949","b1737","chbC"
"950","b0336","codB"
"951","b2224","atoB"
"952","b0341","cynX"
"953","b1216","chaA"
"954","b3909","kdgT"
"955","b1186","nhaB"
"956","b0842","mdfA"
"957","b0019","nhaA"
"958","b0451","amtB"
"959","b4036","lamB"
"960","b4291","fecA"
"961","b3350","kefB"
"962","b0751","pnuC"
"963","b1223","narK"
"964","b0047","kefC"
"965","b3367","nirC"
"966","b1119","nagK"
"967","b0728","sucC"
"968","b3829","metE"
"969","b1469","narU"
"970","b0729","sucD"
"971","b3726","pstA"
"972","b4019","metH"
"973","b0650","hscC"
"974","b0886","cydC"
"975","b3728","pstS"
"976","b3727","pstC"
"977","b0757","galK"
"978","b3725","pstB"
"979","b0887","cydD"
"980","b0133","panC"
"981","b2476","purC"
"982","b3258","panF"
"983","b2165","psuG"
"984","b3371","frlB"
"985","b2679","proX"
"986","b0509","glxR"
"987","b3125","garR"
"988","b3389","aroB"
"989","b2501","ppk"
"990","b2677","proV"
"991","b2678","proW"
"992","b2366","dsdA"
"993","b3941","metF"
"994","b2574","nadB"
"995","b0402","proY"
"996","b1015","putP"
"997","b1723","pfkB"
"998","b3177","folP"
"999","b0755","gpmA"
"1000","b0855","potG"
"1001","b3612","gpmM"
"1002","b1123","potD"
"1003","b0529","folD"
"1004","b3919","tpiA"
"1005","b4132","cadB"
"1006","b0856","potH"
"1007","b2914","rpiA"
"1008","b0750","nadA"
"1009","b2320","pdxB"
"1010","b0306","ykgE"
"1011","b1126","potA"
"1012","b1107","nagZ"
"1013","b0854","potF"
"1014","b0307","ykgF"
"1015","b1539","ydfG"
"1016","b3605","lldD"
"1017","b0308","ykgG"
"1018","b2492","focB"
"1019","b1441","ydcT"
"1020","b0857","potI"
"1021","b3823","rhtC"
"1022","b1443","ydcV"
"1023","b1124","potC"
"1024","b0904","focA"
"1025","b1125","potB"
"1026","b0813","rhtA"
"1027","b1440","ydcS"
"1028","b2919","scpB"
"1029","b1442","ydcU"
"1030","b3631","waaG"
"1031","b3870","glnA"
"1032","b0914","msbA"
"1033","b2947","gshB"
"1034","b1300","puuC"
"1035","b2957","ansB"
"1036","b0150","fhuA"
"1037","b2253","arnB"
"1038","b2254","arnC"
"1039","b1967","hchA"
"1040","b2256","arnD"
"1041","b0933","ssuB"
"1042","b1865","nudB"
"1043","b2258","arnF"
"1044","b0934","ssuC"
"1045","b4544","arnE"
"1046","b0936","ssuA"
"1047","b2954","rdgB"
"1048","b3621","waaC"
"1049","b2032","wbbK"
"1050","b1781","yeaE"
"1051","b2027","wzzB"
"1052","b1002","agp"
"1053","b3001","gpr"
"1054","b2938","speA"
"1055","b4090","rpiB"
"1056","b2035","wbbH"
"1057","b3620","waaF"
"1058","b3622","waaL"
"1059","b3624","waaZ"
"1060","b0459","maa"
"1061","b4084","alsK"
"1062","b3629","waaS"
"1063","b4085","alsE"
"1064","b0585","fes"
"1065","b3628","waaB"
"1066","b3748","rbsD"
"1067","b3627","waaO"
"1068","b3751","rbsB"
"1069","b1326","mpaA"
"1070","b3850","hemG"
"1071","b1325","ycjG"
"1072","b3750","rbsC"
"1073","b3630","waaP"
"1074","b4230","ytfT"
"1075","b0591","entS"
"1076","b3632","waaQ"
"1077","b3035","tolC"
"1078","b4227","ytfQ"
"1079","b3625","waaY"
"1080","b4231","yjfF"
"1081","b0692","potE"
"1082","b2810","csdA"
"1083","b3749","rbsA"
"1084","b4485","ytfR"
"1085","b2014","plaP"
"1086","b0260","mmuP"
"1087","b1680","sufS"
"1088","b1296","puuP"
"1089","b3867","hemN"
"1090","b1298","puuD"
"1091","b3374","frlD"
"1092","b0810","glnP"
"1093","b0809","glnQ"
"1094","b3824","rhtB"
"1095","b1308","pspE"
"1096","b2133","dld"
"1097","b0811","glnH"
"1098","b2260","menE"
"1099","b1492","gadC"
"1100","b2197","ccmE"
"1101","b1919","dcyD"
"1102","b2198","ccmD"
"1103","b3653","gltS"
"1104","b2578","eamB"
"1105","b2201","ccmA"
"1106","b1533","eamA"
"1107","b2200","ccmB"
"1108","b2199","ccmC"
"1109","b3927","glpF"
"1110","b3959","argB"
"1111","b4394","yjjX"
"1112","b0622","pagP"
"1113","b2499","purM"
"1114","b3785","wzzE"
"1115","b2170","setB"
"1116","b3825","pldB"
"1117","b0070","setA"
"1118","b3793","wzyE"
"1119","b2835","lplT"
"1120","b2552","hmp"
"1121","b1528","ydeA"
"1122","b3029","ygiN"
"1123","b2303","folX"
"1124","b0756","galM"
"1125","b2889","idi"
"1126","b3028","mdaB"
"1127","b3821","pldA"
"1128","b3432","glgB"
"1129","b0484","copA"
"1130","b2146","preT"
"1131","b2147","preA"
"1132","b3469","zntA"
"1133","b3503","arsC"
"1134","b4478","dgoD"
"1135","b3626","waaR"
"1136","b1380","ldhA"
"1137","b3623","waaU"
"1138","b2257","arnT"
"1139","b4321","gntP"
"1140","b3792","wzxE"
"1141","b2965","speC"
"1142","b2711","norW"
"1143","b0693","speF"
"1144","b2710","norV"
"1145","b2033","wbbJ"
"1146","b0954","fabA"
"1147","b2034","wbbI"
"1148","b1288","fabI"
"1149","b2037","wzxB"
"1150","b2175","mepS"
"1151","b0175","cdsA"
"1152","b0089","ftsW"
"1153","b3918","cdh"
"1154","b3396","mrcA"
"1155","b0356","frmA"
"1156","b2519","pbpC"
"1157","b1912","pgsA"
"1158","b2240","glpT"
"1159","b1069","murJ"
"1160","b2585","pssA"
"1161","b0875","aqpZ"
"1162","b1093","fabG"
"1163","b0353","mhpT"
"1164","b1661","cfa"
"1165","b2309","hisJ"
"1166","b0325","yahK"
"1167","b3208","mtgA"
"1168","b1006","rutG"
"1169","b0149","mrcB"
"1170","b2092","gatC"
"1171","b2093","gatB"
"1172","b0635","mrdA"
"1173","b2094","gatA"
"1174","b2497","uraA"
"1175","b3093","exuT"
"1176","b0084","ftsI"
"1177","b1488","ddpX"
"1178","b0925","ldtD"
"1179","b3415","gntT"
"1180","b4476","gntU"
"1181","b3541","dppD"
"1182","b1621","malX"
"1183","b1678","ldtE"
"1184","b0355","frmB"
"1185","b3543","dppB"
"1186","b2154","yeiG"
"1187","b2021","hisC"
"1188","b3540","dppF"
"1189","b1487","ddpA"
"1190","b3544","dppA"
"1191","b0166","dapD"
"1192","b2893","dsbC"
"1193","b1486","ddpB"
"1194","b1483","ddpF"
"1195","b0604","dsbG"
"1196","b1484","ddpD"
"1197","b3930","menA"
"1198","b1519","tam"
"1199","b1485","ddpC"
"1200","b3437","gntK"
"1201","b3994","thiC"
"1202","b3542","dppC"
"1203","b4268","idnK"
"1204","b1710","btuE"
"1205","b0832","gsiD"
"1206","b2480","bcp"
"1207","b0831","gsiC"
"1208","b2174","lpxT"
"1209","b0829","gsiA"
"1210","b0429","cyoD"
"1211","b0830","gsiB"
"1212","b0432","cyoA"
"1213","b0826","moeB"
"1214","b0789","clsB"
"1215","b0781","moaA"
"1216","b0783","moaC"
"1217","b0431","cyoB"
"1218","b0430","cyoC"
"1219","b1249","clsA"
"1220","b4041","plsB"
"1221","b0657","lnt"
"1222","b0180","fabZ"
"1223","b0630","lipB"
"1224","b1677","lpp"
"1225","b0628","lipA"
"1226","b2413","cysZ"
"1227","b0418","pgpA"
"1228","b4386","lplA"
"1229","b0508","hyi"
"1230","b1385","feaB"
"1231","b0613","citG"
"1232","b2917","scpA"
"1233","b3018","plsC"
"1234","b1301","puuB"
"1235","b4042","dgkA"
"1236","b3572","avtA"
"1237","b0805","fiu"
"1238","b4129","lysU"
"1239","b4160","psd"
"1240","b2155","cirA"
"1241","b0723","sdhA"
"1242","b0722","sdhD"
"1243","b0724","sdhB"
"1244","b0721","sdhC"
"1245","b3722","bglF"
"1246","b0681","chiP"
"1247","b1473","yddG"
"1248","b0576","pheP"
"1249","b0494","tesA"
"1250","b0594","entE"
"1251","b1276","acnA"
"1252","b3882","yihU"
"1253","b0376","ampH"
"1254","b1600","mdtJ"
"1255","b0118","acnB"
"1256","b3447","ggt"
"1257","b1599","mdtI"
"1258","b0632","dacA"
"1259","b2660","lhgO"
"1260","b1990","ldtA"
"1261","b0839","dacC"
"1262","b1113","ldtC"
"1263","b4167","nnr"
"1264","b2010","dacD"
"1265","b2670","alaE"
"1266","b0819","ldtB"
"1267","b2430","yfeW"
"1268","b2813","mltA"
"1269","b3182","dacB"
"1270","b0211","mltD"
"1271","b1097","yceG"
"1272","b3070","yqjH"
"1273","b3833","ubiE"
"1274","b1193","emtA"
"1275","b0514","glxK"
"1276","b2701","mltB"
"1277","b0269","yagF"
"1278","b4297","yjhG"
"1279","b4298","yjhH"
"1280","b0268","yagE"
"1281","b3715","yieH"
"1282","b0516","allC"
"1283","b0515","allE"
"1284","b1617","uidA"
"1285","b1695","ydiO"
"1286","b1771","ydjG"
"1287","b2907","ubiH"
"1288","b0543","emrE"
"1289","b1601","tqsA"
"1290","b0624","flc"
"1291","b3880","yihS"
"1292","b3881","yihT"
"1293","b3877","yihP"
"1294","b3876","yihO"
"1295","b1511","lsrK"
"1296","b2371","yfdE"
"1297","b2989","yghU"
"1298","b2302","yfcG"
"1299","b1619","hdhA"
"1300","b4337","mdtM"
"1301","b1338","abgA"
"1302","b1337","abgB"
"1303","b1336","abgT"
"1304","b2873","hyuA"
"1305","b1430","tehB"
"1306","b1396","paaI"
"1307","b3943","yijE"
"1308","b0578","nfsB"
"1309","b3253","acuI"
"1310","b1022","pgaC"
"1311","b1021","pgaD"
"1312","b1733","chbG"
"1313","b4266","idnO"
"1314","b3493","pitA"
"1315","b2987","pitB"
"1316","b0401","brnQ"
"1317","b4141","yjeH"
"1318","b1798","leuE"
"1319","b3662","nepI"
"1320","b1592","clcB"
"1321","b2842","kduD"
"1322","b4020","yjbB"
"1323","b1985","yeeO"
"1324","b1516","lsrB"
"1325","b1513","lsrA"
"1326","b1514","lsrC"
"1327","b1515","lsrD"
"1328","b1518","lsrG"
"1329","b3240","aaeB"
"1330","b3241","aaeA"
"1331","b1449","curA"
"1332","b2245","rhmA"
"1333","b1448","mnaT"
"1334","b3656","yicI"
"1335","b3883","yihV"
"1336","b3966","btuB"
"1337","b4098","phnJ"
"1338","b3488","yhiJ"
"1339","b1813","nudL"
"1340","b2166","psuK"
"1341","b1103","hinT"
"1342","b4100","phnH"
"1343","b4101","phnG"
"1344","b4096","phnL"
"1345","b4099","phnI"
"1346","b4095","phnM"
"1347","b4092","phnP"
"1348","b2047","wcaJ"
"1349","b4106","phnC"
"1350","b4104","phnE"
"1351","b4105","phnD"
"1352","b0662","ubiF"
"1353","b2906","ubiI"
"1354","b1400","paaY"
"1355","b2683","ygaH"
"1356","b2682","ygaZ"
"1357","b1821","mntP"
"1358","b2164","psuT"
"1359","b1616","uidB"
"1360","b1517","lsrF"
"1361","b0577","ybdG"
"1362","b0465","mscK"
"1363","b3291","mscL"
"1364","b4159","mscM"
"1365","b2924","mscS"
"1366","b1330","ynaI"
"1367","b0808","ybiO"
"1368","b2247","rhmD"
"1369","b0597","entH"
"1370","b1870","cmoA"
"1371","b3116","tdcC"
"1372","b2796","sdaC"
"1373","b4093","phnO"
"1374","b3878","yihQ"
"1375","b1206","dauA"
"1376","b4392","slt"
"1377","b2963","mltC"
"1378","b2558","mltF"
"1379","b3546","eptB"
"1380","b1655","mepH"
"1381","b2328","mepA"
"1382","b2134","pbpG"
"1383","b1856","mepM"
"1384","b1185","dsbB"
"1385","b3860","dsbA"
"1386","b4136","dsbD"
"1387","b0606","ahpF"
"1388","b0605","ahpC"
"1389","b0221","fadE"
"1390","b2285","nuoE"
"1391","b2286","nuoC"
"1392","b2288","nuoA"
"1393","b2283","nuoG"
"1394","b2279","nuoK"
"1395","b2278","nuoL"
"1396","b2276","nuoN"
"1397","b2284","nuoF"
"1398","b2282","nuoH"
"1399","b2281","nuoI"
"1400","b2277","nuoM"
"1401","b2287","nuoB"
"1402","b2280","nuoJ"
"1403","b1801","yeaV"
"1404","b4208","cycA"
"1405","b0007","yaaJ"
"1406","b0874","ybjE"
"1407","b2923","argO"
"1408","b0037","caiC"
"1409","b1734","chbF"
"1410","b2467","nudK"
"1411","b0404","acpH"
"1412","b0314","betT"
"1413","b4474","frlC"
"1414","b3370","frlA"
"1415","b3816","corA"
"1416","b3040","zupT"
"1417","b2373","oxc"
"1418","b4233","mpl"
"1419","b3196","yrbG"
"1420","b3691","dgoT"
"1421","b2843","kduI"
"1422","b2156","lysP"
"1423","b4130","dtpC"
"1424","b4356","lgoT"
"1425","b4358","lgoD"
"1426","b3431","glgX"
"1427","b0155","clcA"
"1428","b0684","fldA"
"1429","b1378","pfo"
"1430","b2895","fldB"
"1431","b0777","bioC"
"1432","b0641","lptE"
"1433","b3201","lptB"
"1434","b3200","lptA"
"1435","b4261","lptF"
"1436","b4262","lptG"
"1437","b3199","lptC"
"1438","b0054","lptD"
"1439","b1025","ycdT"
"1440","b1490","dosC"
"1441","b1535","dgcZ"
"1442","b1794","yeaP"
"1443","b1341","ydaM"
"1444","b2503","yfgF"
"1445","b0315","yahA"
"1446","b1285","gmr"
"1447","b3525","yhjH"
"1448","b0009","mog"
"1449","b0784","moaD"
"1450","b2530","iscS"
"1451","b2470","acrD"
"1452","b0463","acrA"
"1453","b0462","acrB"
"1454","b1394","paaG"
"1455","b1090","plsX"
"1456","b3059","plsY"
"1457","b2529","iscU"
"1458","b1683","sufB"
"1459","b1684","sufA"
"1460","b1682","sufC"
"1461","b1681","sufD"
"1462","b0827","moeA"
"1463","b3856","mobB"
"1464","b3857","mobA"
"1465","b3058","folB"
"1466","b1634","dtpA"
"1467","b3496","dtpB"
"1468","b0709","dtpD"
"1469","b2528","iscA"
"1470","b1679","sufE"
"1471","b0775","bioB"
"1472","b1009","rutD"
"1473","b0444","queC"
"1474","b2794","queF"
"1475","b1008","rutE"
"1476","b2765","queD"
"1477","b2263","menH"
"1478","b1011","rutB"
"1479","b1010","rutC"
"1480","b0968","yccX"
"1481","b2264","menD"
"1482","b2262","menB"
"1483","b1686","menI"
"1484","b3991","thiG"
"1485","b3992","thiF"
"1486","b0423","thiI"
"1487","b3990","thiH"
"1488","b4407","thiS"
"1489","b2877","mocA"
"1490","b2374","frc"
"1491","b1392","paaE"
"1492","b1391","paaD"
"1493","b1390","paaC"
"1494","b1388","paaA"
"1495","b1389","paaB"
"1496","b1397","paaJ"
"1497","b1395","paaH"
"1498","b1007","rutF"
"1499","b1012","rutA"
"1500","b0785","moaE"
"1501","b3893","fdoH"
"1502","b1474","fdnG"
"1503","b3894","fdoG"
"1504","b1475","fdnH"
"1505","b3892","fdoI"
"1506","b1476","fdnI"
"1507","b0776","bioF"
"1508","b3412","bioH"
"1509","b2515","ispG"
"1510","b4238","nrdD"
"1511","b4237","nrdG"
"1512","b3924","fpr"
"1513","b4209","ytfE"
"1514","b1387","paaZ"
"1515","b1393","paaF"
"1516","b2912","fau"
